,start,stop,words
0,1.3,10.5,"['computer', 'animation', 'rocky', 'mountain', 'snowy', 'flank', 'flies', 'series', 'star', 'form', 'ring', 'summit', 'paramount']"
1,15.9,19.5,"['cloudy', 'sky', 'floats', 'graywhite', 'feather', 'air']"
2,22.6,25.8,"['city', 'sails', 'treetops', 'park']"
3,31.7,36.7,"['ein', 'robertzemeckisfilm', 'tom', 'hanks', 'als', 'forrest', 'gump']"
4,40.7,61,"['spring', 'flying', 'feet', 'treetops', 'robin', 'wright', 'jenny', 'gary', 'sinise', 'lt', 'dan', 'mykelti', 'williamson', 'bubba', 'sally', 'field', 'missis', 'gump', 'music', 'alan', 'silvestri', 'screenplay', 'eric', 'roth', 'winston', 'groom', 'directed', 'robert', 'zemeckis']"
5,68.7,73,"['church', 'tower', 'spring', 'falls', 'front', 'white', 'building', 'slowly', 'deeper']"
6,77,91.5,"['hrfilmfassung', 'produced', 'bayerischer', 'rundfunk', 'behalf', 'schweizer', 'fernsehen', 'text', 'koop', 'michalski', 'beckmann', 'hrfilm', 'ev', 'editorial', 'elmar', 'dosch', 'bernd', 'benecke', 'herbert', 'glaser', 'speaker', 'thomas', 'meinhardt']"
7,93,101,"['spring', 'coasting', 'road', 'leads', 'park', 'man', 'remains', 'briefly', 'standing', 'curb', 'spring', 'lands', 'softly', 'shoulder']"
8,105.6,124.9,"['man', 'crossed', 'road', 'spring', 'hovers', 'continue', 'windshield', 'chevrolet', 'sinks', 'resistant', 'asphalt', 'flies', 'carriage', 'passes', 'bus', 'stop', 'spring', 'swirled', 'coasts', 'man', 'waiting', 'bench', 'ends', 'scuffed', 'nike', 'running', 'shoes']"
9,126.2,145.7,"['man', 'picks', 'forty', 'slim', 'tanned', 'small', 'dark', 'eyes', 'short', 'dark', 'hair', 'receding', 'hairline', 'shaved', 'ears', 'wearing', 'lightcolored', 'suit', 'blue', 'plaid', 'shirt', 'man', 'takes', 'box', 'chocolates', 'small', 'suitcase', 'opens']"
10,147,160.2,"['red', 'cap', 'pingpong', 'bats', 'accurately', 'packed', 'stuff', 'trunk', 'lid', 'man', 'pulling', 'childrens', 'book', 'curious', 'george', 'puts', 'spring', 'closes', 'suitcase', 'puts']"
11,161.8,164.4,"['man', 'straight', 'face', 'emptiness']"
12,166.1,175.2,"['public', 'bus', 'stops', 'squeak', 'advertisement', 'car', 'model', '1981st']"
13,178.6,189.1,"['man', 'opens', 'box', 'chocolates', 'black', 'woman', 'nurses', 'uniform', 'sits', 'bench', 'quick', 'makes', 'man', 'box', 'nurse', 'magazine']"
14,194.4,199.6,"['nurse', 'briefly', 'nods', 'continues', 'reading', 'forrest', 'holds', 'opened', 'box', 'chocolates']"
15,202,203.1,"['shakes', 'head']"
16,214.1,215.5,"['puts', 'mouth']"
17,217.9,219.4,"['nurse', 'respond']"
18,221,223.6,"['forrest', 'shows', 'gleaming', 'white', 'loafers']"
19,251.6,254.7,"['interested', 'sees', 'sister', 'people', 'magazine']"
20,266.3,268.2,"['squints', 'tightly']"
21,276.1,276.8,['doctor']
22,278.2,284.7,"['10yearold', 'sitting', 'couch', 'staring', 'legs', 'strapped', 'metal', 'rails', 'fat', 'doctor', 'lifts']"
23,288.6,292.7,"['stiff', 'knees', 'boy', 'stalking', 'past', 'darkhaired', 'sitting', 'chair']"
24,295.8,298.1,"['doctor', 'burning', 'cigarette', 'mouth']"
25,310.8,312.2,['topples']
26,321.6,324,"['crosstalk', 'film', 'general', 'forrest']"
27,350.5,355.5,"['street', 'mothers', 'hand', 'small', 'forrest', 'rail', 'gully', 'gratings', 'stuck']"
28,363.6,365.5,"['crosstalk', 'men', 'front', 'barber', 'shop']"
29,416.7,418,"['heading', 'house']"
30,425.1,427,"['wide', 'porch', 'stop']"
31,434.1,434.7,['office']
32,445.5,447.9,"['forrest', 'sitting', 'open', 'door', 'school', 'hallway']"
33,511.9,513.9,"['hancock', 'lustfully']"
34,517,517.5,['evening']
35,519.1,524,"['forrest', 'sitting', 'front', 'house', 'swing', 'ground', 'floor', 'light', 'burns']"
36,527.9,532.9,"['sweaty', 'hancock', 'house', 'porch', 'forrest', 'sits', 'impassively', 'rocking', 'chair']"
37,537.4,542.2,"['handkerchief', 'wipes', 'neck', 'forrest', 'staring', 'space']"
38,545.3,546.6,"['forrest', 'hancock']"
39,550.5,555.4,"['hancock', 'marched', 'mother', 'sits', 'book', 'curious', 'george', 'bed', 'forrest']"
40,578,580.2,"['thoughtfully', 'ceiling']"
41,586.9,587.7,['day']
42,619.8,622.7,"['missis', 'gump', 'curious', 'closed', 'door']"
43,624.2,629.5,"['forrest', 'resonates', 'knees', 'bent', 'hips', 'holds', 'broom', 'guitarist', 'great']"
44,645.6,646.2,[]
45,675.5,677.1,"['tv', 'elvis', 'presley']"
46,683.8,687,"['dances', 'forrest', 'swings', 'hips', 'lasciviously']"
47,690,693,"['forrest', 'sees', 'fascinated', 'elvis']"
48,702.4,703.4,"['bus', 'stop']"
49,706.2,708.5,"['nurse', 'back', 'magazine']"
50,717,718.6,"['located', 'street', 'holding', 'school', 'bus']"
51,723.9,726,"['fuming', 'bus', 'driver', 'forrest']"
52,733.2,735.5,"['forrest', 'remains', 'undecided', 'door']"
53,743.9,747.7,"['dorothy', 'smiles', 'forrest', 'rises', 'tedious', 'leg', 'braces']"
54,752,755.7,"['fully', 'occupied', 'bus', 'guys', 'bank']"
55,760.5,768.5,"['seat', 'empty', 'forrest', 'girl', 'sitting', 'shakes', 'head', 'back', 'sits', 'boy', 'bank']"
56,795.5,797.6,"['blond', 'girl']"
57,808.1,810.7,"['forrest', 'sits', 'lowers', 'embarrassed']"
58,839.2,840.1,['hand']
59,848.4,849.6,"['run', 'oak']"
60,856.6,858.1,"['hangs', 'hand', 'road']"
61,864.3,865.7,"['hangs', 'upside', 'tree']"
62,874.5,876,"['tree', 'takes', 'hand']"
63,885.8,888.3,"['waiting', 'bench', 'forrest', 'sadly']"
64,890,892.5,"['nurse', 'unmoved', 'magazine']"
65,896.2,897.3,['sister']
66,900.2,902.8,"['forrest', 'jenny', 'path', 'lump', 'studio', 'head']"
67,903.8,904.8,"['lumps', 'forrest', 'turns']"
68,921.8,923.3,"['chase', 'jenny']"
69,926.7,928.1,['stalking']
70,931.3,935.3,"['forrest', 'faster', 'guys', 'wheels', 'catching', 'slowly']"
71,937,943.2,"['hampered', 'rails', 'bustles', 'forrest', 'slow', 'motion', 'stiff', 'legs', 'makes', 'awkward', 'steps']"
72,946.7,952.3,"['persecutors', 'occur', 'doggedly', 'pedals', 'rushed', 'forrest', 'laceration', 'forehead']"
73,953.9,962,"['run', 'forrest', 'suddenly', 'begins', 'bend', 'knees', 'holders', 'rails', 'torn', 'items', 'flying', 'air']"
74,966.9,968.6,"['parts', 'fall']"
75,970.5,974.2,"['forrest', 'stares', 'resolutely', 'forward', 'boys', 'remains', 'rails']"
76,979.7,980.6,"['waiting', 'bench']"
77,983.4,986.2,"['nurse', 'nodded', 'magazine']"
78,993.3,999.6,"['boys', 'stop', 'puzzled', 'raving', 'forrest', 'draws', 'cloud', 'dust']"
79,1001.1,1005.3,"['forrest', 'turns', 'path', 'scampered', 'large', 'meadow', 'row', 'trees']"
80,1007.3,1009.8,"['crossed', 'small', 'bridge', 'sit', 'angler']"
81,1013.7,1024.2,"['runs', 'past', 'convicts', 'work', 'grass', 'verge', 'roadside', 'greenbow', 'chases', 'past', 'barbershop', 'swirls', 'newspaper', 'men', 'shop', 'staring']"
82,1027.3,1030.1,"['forrest', 'races', 'small', 'impoverished', 'farm', 'house']"
83,1053,1055.1,"['discovers', 'jenny', 'stands', 'tobacco', 'field']"
84,1066.7,1068,"['pulls', 'forrest', 'field']"
85,1073.6,1075.6,"['father', 'trudges', 'chesthigh', 'plants']"
86,1077.1,1080.5,"['hand', 'hip', 'flask', 'jenny', 'pulls', 'forrest', 'tall', 'cornfield']"
87,1084,1086.1,"['plants', 'children', 'kneel']"
88,1131.8,1132.7,['bed']
89,1146.1,1146.8,"['lump', 'hits']"
90,1149.4,1150.4,"['jenny', 'als', 'teenager']"
91,1155.6,1157.9,"['thrower', 'jumps', 'pickup']"
92,1177,1182,"['pickup', 'driving', 'close', 'forrest', 'flexing', 'back', 'meadow', 'yelling', 'pickup']"
93,1191.4,1194.2,"['jumps', 'fence', 'cry', 'waiting', 'bench']"
94,1201.4,1204.1,"['forrest', 'runs', 'road', 'pickup']"
95,1211.8,1215.8,"['forrest', 'turns', 'resting', 'football', 'field', 'game']"
96,1217.5,1225.9,"['quarterback', 'throwing', 'pass', 'coach', 'forrest', 'overtaken', 'catcher', 'flabbergasted', 'run', 'enemy']"
97,1226.8,1229.4,"['coach', 'assistants', 'gawk', 'forrest']"
98,1242.3,1247.6,"['full', 'football', 'stadium', 'forrest', 'player', 'dreams', 'player', 'running', 'ball']"
99,1254.3,1256,"['forrest', 'depends', 'multiple', 'enemies']"
100,1261,1266.2,"['grandstand', 'block', 'audience', 'red', 'panels', 'form', 'words', 'alabama', 'coach']"
101,1268.5,1273.4,"['forrest', 'evades', 'opponent', 'collides', 'teammate', 'impact', 'forrest', 'runs', 'sideline']"
102,1274,1284.7,"['bends', 'direction', 'touchdown', 'line', 'opponents', 'dive', 'vain', 'forrest', 'touchdown', 'zone', 'crosses', 'ball', 'runs', 'chapel', 'musician', 'knock', 'storms', 'stadiontor']"
103,1292.9,1306.1,"['dark', 'pouring', 'rain', 'forrest', 'sitting', 'front', 'doorway', 'holding', 'box', 'chocolates', 'lap', 'sees', 'approaching', 'car', 'parked', 'distance', 'sit', 'people', 'forrest', 'carefully']"
104,1312,1319.8,"['embrace', 'forrest', 'blonde', 'woman', 'leaning', 'back', 'passenger', 'door', 'supports', 'hands', 'discs']"
105,1323.4,1325,"['determined', 'runs', 'forrest']"
106,1328.1,1331.3,"['misted', 'windscreen', 'tears', 'drivers', 'door']"
107,1332.6,1333.8,"['punches', 'driver']"
108,1336.4,1338,"['jenny', 'runs']"
109,1339.5,1340.2,['pulls']
110,1364.8,1365.9,"['takes', 'angry']"
111,1374.5,1375.2,['stops']
112,1378.5,1379.6,[]
113,1382.7,1389.9,"['reaches', 'hand', 'pulls', 'hallway', 'jenny', 'peeking', 'corner', 'forrest', 'sneaks', 'room', 'unlocks']"
114,1392,1395.9,"['jenny', 'petticoat', 'takes', 'robe', 'sleeping', 'roommate']"
115,1397.5,1399.1,"['puts', 'bare', 'legs']"
116,1400.7,1402.1,"['torso', 'naked']"
117,1417.1,1418.5,"['jenny', 'dries', 'hair']"
118,1426.9,1428.5,"['takes', 'petticoat']"
119,1431.4,1434.2,"['bra', 'underpants', 'sits', 'forrest', 'bed']"
120,1437.3,1444.7,"['shy', 'forrest', 'bosom', 'jenny', 'slim', 'slim', 'harmonious', 'face', 'straight', 'long', 'hair', 'noticed', 'gaze']"
121,1454.5,1462.8,"['jenny', 'looked', 'calmly', 'opens', 'bra', 'click', 'clips', 'forrests', 'eyes', 'widen', 'embarrassed']"
122,1465.6,1468.1,"['jenny', 'takes', 'hand', 'places', 'chest']"
123,1472.1,1474.3,"['forrest', 'peeping', 'corner', 'eye']"
124,1475.3,1476.3,['winces']
125,1489.5,1491,['upset']
126,1492.2,1493.7,"['jenny', 'pulls', 'bra']"
127,1499.1,1502.1,"['nestled', 'head', 'shoulder', 'stroking', 'cheek']"
128,1514,1519.8,"['kisses', 'cheek', 'kiss', 'roommate', 'bed', 'disgusted']"
129,1526,1540.1,"['stadium', 'audience', 'forms', 'panels', 'forrest', 'depends', 'opponents', 'reach', 'touchdown', 'zone', 'panels', 'form', 'stop', 'chapel', 'arises', 'forrest', 'stops', 'opponents', 'falling']"
130,1555.5,1556.6,"['forrest', 'buffet']"
131,1567.1,1568.6,"['waiter', 'opens', 'coke']"
132,1579.5,1580.1,['kennedy']
133,1583.7,1588.4,"['black', 'white', 'photographs', 'player', 'snake', 'forrest', 'tripping', 'back', 'restlessly', 'holding', 'belly']"
134,1592.2,1592.9,['forrest']
135,1600.4,1613.6,"['president', 'toilet', 'private', 'photos', 'red', 'black', 'telephone', 'toilet', 'forrest', 'closes', 'pants', 'washstand', 'framed', 'picture', 'marilyn', 'monroe', 'dedication', 'image', 'john', 'f', 'kennedy', 'robert']"
136,1633.8,1634.6,['campus']
137,1645.2,1647,['officer']
138,1654.8,1656.4,"['armypromotional', 'brochure']"
139,1658.2,1659.6,"['army', 'bus', 'driver']"
140,1672.9,1675.3,"['black', 'blocks', 'empty', 'seat']"
141,1676.2,1677.8,"['intimidated', 'forrest']"
142,1685.8,1689.6,"['sees', 'black', 'protruding', 'lower', 'lip', 'takes', 'suitcase', 'seat']"
143,1697.6,1698.8,['handkerchief']
144,1735.8,1740.4,"['black', 'cook', 'served', 'white', 'man', 'house', 'black', 'grandmother', 'served', 'white', 'master']"
145,1766.08,1767.5,['dormitory']
146,1776.5,1777.7,"['men', 'underwear']"
147,1795.1,1796.6,"['puts', 'gun']"
148,1847.4,1848.3,"['brush', 'boots']"
149,1858.7,1860.5,"['scrub', 'floor', 'toothbrushes']"
150,1871.4,1873.1,"['dark', 'bubba', 'lies', 'awake', 'bed']"
151,1883.5,1887.1,"['forrest', 'top', 'bunk', 'bed', 'neighbor', 'playboy']"
152,1892.4,1903.7,"['forrest', 'magazine', 'flips', 'picture', 'jenny', 'kneels', 'unbuttoned', 'varsity', 'jacket', 'incredulous', 'stares', 'forrest', 'photo']"
153,1915.3,1916.4,['club']
154,1926.1,1927.7,"['portraits', 'jenny']"
155,1947.3,1961.6,"['curtain', 'opens', 'jenny', 'sits', 'big', 'guitar', 'bar', 'stool', 'instrument', 'covers', 'chest', 'lap', 'wears', 'fleshcolored', 'panties']"
156,1993.6,1996,"['man', 'put', 'bill', 'pumps']"
157,1998.1,1999.1,"['appears', 'hand']"
158,2001.5,2003,"['pours', 'beer', 'feet']"
159,2008.6,2010.8,"['forrest', 'marched', 'grimly', 'forward']"
160,2011.7,2013.9,"['grabs', 'man', 'knocking', 'ground']"
161,2015.7,2016.7,"['shoves', 'order']"
162,2018.5,2019.5,"['rises', 'stage']"
163,2021.1,2021.9,['picks']
164,2024.2,2030.7,"['pling', 'presses', 'guitar', 'hand', 'rushes', 'stage', 'forrest', 'rushes', 'bridge']"
165,2050.5,2054.6,"['jenny', 'thoughtfully', 'water', 'forrest', 'considered']"
166,2073.8,2080.6,"['rises', 'low', 'cross', 'bar', 'railing', 'alarmed', 'forrest', 'bottom', 'top', 'closer']"
167,2087.6,2089.7,"['headlight', 'touches', 'face']"
168,2092.3,2094.1,"['stands', 'pavement', 'waving']"
169,2106.4,2107.9,['stops']
170,2132.2,2133.8,"['jenny', 'passenger', 'side']"
171,2137.8,2138.4,['stops']
172,2151.7,2163.7,"['shadow', 'helicopter', 'glides', 'rice', 'fields', 'open', 'door', 'sits', 'gunner', 'machine', 'gun', 'forrest', 'bubba', 'soft', 'gaze', 'intimidated']"
173,2170.2,2178.1,"['helicopter', 'lands', 'base', 'helicopter', 'soldiers', 'await', 'bubba', 'forrest', 'jump', 'luggage', 'bags']"
174,2198.7,2208.3,"['river', 'barbecue', 'soldiers', 'palm', 'trees', 'drink', 'beer', 'play', 'cards', 'background', 'helicopter', 'squadron', 'flying', 'river', 'forrest', 'bubba', 'luggage']"
175,2224.4,2226,"['soldier', 'shirtless']"
176,2249.5,2250.9,"['bubba', 'pulls', 'lower', 'lip']"
177,2256.8,2259.1,"['forrest', 'bubba', 'patterns', 'shake', 'head']"
178,2266.1,2266.9,"['follow', 'dan']"
179,2310.5,2314.5,"['soldiers', 'dan', 'die', '4', 'past', 'wars']"
180,2336,2337.1,['latrine']
181,2351.8,2354.4,"['head', 'disappears', 'chesthigh', 'latrinentr']"
182,2361,2369.4,"['patrol', 'forrest', 'bubba', 'rice', 'field', 'wear', 'camouflaged', 'helmets', 'olive', 'uniforms', 'backpacks', 'guns', 'hold', 'cross', 'front']"
183,2375.1,2377.2,"['intermediate', 'fields', 'dirt', 'road']"
184,2387.5,2394.4,"['forrests', 'face', 'dirty', 'strap', 'helmet', 'pinched', 'plastic', 'vial', 'continuous', 'front', 'soldier', 'raises', 'fist']"
185,2396.6,2398.1,"['squad', 'squats', 'left', 'runway', 'escarpment']"
186,2415,2416,"['dan', 'forward']"
187,2419.2,2423.6,"['squats', 'turns', 'men', 'showing', 'fingers', 'eyes']"
188,2426.8,2430.3,"['dan', 'lies', 'flat', 'slopes', 'peeks', 'ground', 'front']"
189,2440.2,2441.6,"['soldier', 'hornrimmed', 'glasses']"
190,2444.3,2445.1,['black']
191,2455.2,2457,"['front', 'lieutenant', 'dan']"
192,2478.4,2480.3,"['dan', 'forrest', 'flying', 'high', 'earth']"
193,2482.1,2483.1,"['forrest', 'creeps']"
194,2488.3,2491.3,"['chest', 'turbid', 'water', 'wading', 'squad', 'rice', 'field']"
195,2516.2,2517.3,['river']
196,2583.2,2585,"['tarp', 'writes']"
197,2600.3,2602.1,"['jenny', 'caravan', 'grandmother']"
198,2606.8,2609,"['joins', 'hippies', 'vw', 'bus']"
199,2619.4,2622.8,"['patrol', 'squad', 'roams', 'jungle']"
200,2645.4,2647.6,"['comrade', 'forrest', 'throws']"
201,2649,2650.8,"['vibrant', 'ammunition', 'whizzes', 'air']"
202,2654.8,2657.6,"['injected', 'high', 'ground', 'forrest', 'crawls', 'wegbschung']"
203,2662.5,2665.2,"['addition', 'forrest', 'dan', 'holds', 'receiver', 'radiotelephone']"
204,2670.7,2671.6,"['forrest', 'shoots']"
205,2692.2,2694.2,"['fireball', 'sweeping', 'gunners']"
206,2705.9,2708.4,"['forrest', 'looked', 'distraught', 'dan', 'bubba', 'back']"
207,2710.8,2712.1,"['dan', 'drags', 'high', 'forrest']"
208,2717.1,2720.5,"['forrest', 'runs', 'hit', 'grenade', 'earth', 'splashing', 'high']"
209,2723.7,2725.6,"['soldier', 'forrest', 'torn']"
210,2733.6,2735.8,"['forrest', 'outdated', 'bubba', 'noticing']"
211,2754,2756.4,"['stops', 'rockets', 'runs', 'back']"
212,2761.6,2763.3,"['forrest', 'runs', 'sparse', 'jungle']"
213,2772.8,2774.2,"['raises', 'hand']"
214,2780.5,2782.4,"['forrest', 'southwestern', 'lies', 'shoulders']"
215,2791.2,2794.5,"['tex', 'wounded', 'shoulder', 'shirt', 'soaked', 'blood']"
216,2798.4,2802.4,"['forrest', 'tex', 'clearing', 'river', 'bank', 'places', 'grass']"
217,2814.5,2818.5,"['puts', 'soldier', 'bloody', 'bandage', 'shore', 'runs', 'back', 'finds', 'dallas']"
218,2821.4,2822.8,"['forrest', 'dallas', 'lays', 'ashore']"
219,2833.5,2835.7,"['stumbles', 'stares', 'dans', 'bloody', 'legs']"
220,2847.6,2849.3,"['forrest', 'dan', 'strapped', 'backpack']"
221,2855.7,2857.3,"['forrest', 'dan', 'balanced', 'shoulders']"
222,2868.9,2876.9,"['falls', 'tree', 'explodes', 'forrest', 'dan', 'drags', 'arm', 'shoots', 'gun', 'back', 'jungle']"
223,2883.4,2884.4,"['forrest', 'wears']"
224,2896.7,2899.1,"['forrest', 'puts', 'shore', 'dan', 'holds']"
225,2913.5,2915.5,['runs']
226,2917.1,2919.7,"['gun', 'hands', 'hurries', 'jungle']"
227,2924.4,2926.4,"['forrest', 'stops', 'desperately']"
228,2929.7,2933.2,"['side', 'discovered', 'bubba', 'ground', 'smoke', 'air']"
229,2941,2944.8,"['shocked', 'pulls', 'forrest', 'bloody', 'palm', 'fronds', 'bubbas', 'large', 'abdominal', 'wound']"
230,2953.2,2955,"['flies', 'flit', 'past', 'figures']"
231,2956.7,2957.8,"['forrest', 'back', 'briefly']"
232,2965,2967,"['runs', 'bubba', 'arms', 'jungle']"
233,2976,2986.6,"['running', 'forrest', 'panicky', 'heaven', 'bubba', 'clearing', 'fighter', 'jets', 'flying', 'zoom', 'jungle', 'exploding', 'napalm', 'bombs', 'explosions', 'closer']"
234,2991.6,2997.1,"['orangered', 'fireball', 'shoots', 'straight', 'forrest', 'runs', 'jungle', 'flames']"
235,3001.9,3006,"['dark', 'smoke', 'hangs', 'treetops', 'rushed', 'carries', 'forrest', 'bubba', 'shore']"
236,3018.8,3020.5,"['bubba', 'arms', 'sits', 'grass']"
237,3060.9,3061.8,"['waiting', 'bench']"
238,3064.5,3066.5,"['addition', 'forrest', 'sits', 'fat', 'man']"
239,3068.4,3069.9,"['forrest', 'abruptly']"
240,3093.7,3094.3,['hospital']
241,3102.6,3104.8,"['forrest', 'ice', 'cream', 'cones', 'lying', 'stomach']"
242,3108.3,3109.4,"['dan', 'looked', 'void']"
243,3112.7,3116.2,"['dan', 'takes', 'bag', 'puts', 'bedpan', 'continues', 'stare', 'space']"
244,3118.1,3119.9,"['forrest', 'crawls', 'deck', 'bed']"
245,3125.7,3133.8,"['nurse', 'puts', 'dans', 'hands', 'handle', 'dans', 'lower', 'legs', 'amputated', 'stumps', 'wrapped', 'bandages', 'nurse', 'lifts']"
246,3135.1,3138,"['rollliege', 'pushed', 'zoom', 'nurse', 'puts', 'dan']"
247,3139,3140,"['dan', 'rolled']"
248,3141.1,3142,"['post', 'distributed']"
249,3143.4,3145,"['forrest', 'licks', 'continue', 'ice']"
250,3148.7,3150.5,"['thick', 'bundle', 'letters']"
251,3153.4,3158.9,"['forrest', 'pulls', 'top', 'letter', 'addressed', 'jenny', 'undeliverable', 'stamp']"
252,3161.5,3166.2,"['forrest', 'continues', 'letters', 'bundle', 'addressed', 'jenny', 'stamp']"
253,3167.5,3170.4,"['dejected', 'considered', 'forrest', 'letter']"
254,3172,3175.6,"['recreation', 'room', 'hospital', 'forrest', 'sits', 'ice', 'front', 'tv']"
255,3181.7,3183.9,"['painfully', 'stands', 'forrest', 'pillows']"
256,3187.7,3189.3,"['table', 'tennis', 'ball', 'strikes', 'head']"
257,3190.8,3192.6,"['man', 'moved', 'bat', 'game']"
258,3194.3,3195.5,"['forrest', 'shakes', 'head']"
259,3198.1,3199.6,"['forrest', 'bat']"
260,3209.1,3211.8,"['moves', 'ball', 'back', 'forrest', 'mind']"
261,3212.8,3215.4,"['ice', 'hand', 'forrest', 'plays', 'wheelchair']"
262,3225.4,3226.6,"['exerts', 'indication']"
263,3231,3233.3,"['balls', 'jump', 'opponent', 'field', 'bedpan']"
264,3234.9,3238.1,"['forrest', 'plays', 'front', 'spectators', 'foldedup', 'opponents', 'field']"
265,3249.3,3250.3,"['dan', 'couch', 'sullenly']"
266,3251.6,3257.1,"['forrest', 'plays', 'meets', 'target', 'square', 'raised', 'panel', 'officer']"
267,3262.8,3265.6,"['forrest', 'intervenes', 'son', 'bat', 'ball']"
268,3267.7,3268.6,['dormitory']
269,3272.5,3278.5,"['pulls', 'curtain', 'dans', 'bed', 'man', 'lies', 'completely', 'bandaged', 'head', 'torso', 'sister']"
270,3284.8,3286.9,"['forrest', 'back', 'severe', 'injuries']"
271,3293.5,3294.1,['tv']
272,3307.5,3309.1,"['johnson', 'depends', 'forrest', 'medal']"
273,3318.8,3324.8,"['hall', 'mother', 'forrest', 'sitting', 'stares', 'johnson', 'turns', 'bares', 'buttock', 'wound']"
274,3327.3,3332.6,"['barber', 'shop', 'men', 'puzzled', 'screen', 'johnson', 'dismisses', 'amused']"
275,3334.5,3336,"['forrest', 'vor', 'dem', 'lincoln', 'memorial']"
276,3345.7,3347,"['wears', 'dress', 'uniform']"
277,3358.8,3362.1,"['pushed', 'queue', 'veterans', 'war']"
278,3366,3381.8,"['roadside', 'buses', 'antiwar', 'slogans', 'women', 'lead', 'veterans', 'forrest', 'stage', 'men', 'beards', 'long', 'hair', 'wear', 'uniforms', 'parts', 'combined', 'civilian', 'clothes', 'stairs', 'stage', 'forrest', 'beginning', 'queue', 'veteran']"
279,3420.4,3421.2,['veteran']
280,3423,3435,"['hesitantly', 'forrest', 'microphones', 'stage', 'tens', 'thousands', 'elongated', 'basin', 'end', 'stands', 'washington', 'monument', '170meter', 'tall', 'white', 'obelisk']"
281,3445.3,3450.9,"['lincoln', 'memorial', 'stand', 'broadcast', 'vans', 'crowd', 'posters', 'upheld', 'peace', 'symbol']"
282,3478,3484.5,"['addition', 'sound', 'system', 'policeman', 'unremarkable', 'vietnam', 'pulls', 'plugs', 'sockets']"
283,3488,3494.3,"['forrest', 'continued', 'talking', 'och', 'women', 'fantastic', 'police', 'grabs', 'baton']"
284,3501.3,3505.7,"['policeman', 'dragged', 'rewired', 'pa', 'system']"
285,3509.4,3510.7,"['forrest', 'talks']"
286,3519.5,3524.2,"['man', 'flag', 'shirt', 'wipes', 'tears', 'eyes', 'puts', 'hands', 'shoulders', 'forrest']"
287,3540.1,3545.1,"['woman', 'basin', 'forrest', 'wades', 'kneedeep', 'water', 'stage']"
288,3549,3560.4,"['jump', 'stage', 'rushes', 'crowd', 'basin', 'jenny', 'runs', 'smiling', 'happily', 'water', 'wide', 'long', 'white', 'dress', 'wearing', 'red', 'striped', 'vest', 'reaches', 'calves']"
289,3561.2,3562.4,"['forrest', 'runs', 'water']"
290,3565,3566.3,"['fall', 'arms']"
291,3578,3578.9,"['evening', 'camp']"
292,3608.1,3610.4,"['jenny', 'white', 'man', 'red', 'armbands']"
293,3635.8,3638.1,"['forrest', 'stares', 'jenny', 'wesley', 'quarrel']"
294,3643.5,3644.7,"['slaps', 'wesley', 'jenny']"
295,3647.3,3653.6,"['slow', 'motion', 'forrests', 'eyes', 'widen', 'marched', 'wesley', 'lunges', 'falls', 'table']"
296,3659.5,3660.8,"['beats', 'wesley']"
297,3665.1,3666,['pulls']
298,3667.3,3671.1,"['wesley', 'pulls', 'touches', 'face', 'bloody', 'hands']"
299,3683.6,3686.8,"['black', 'man', 'holds', 'door', 'open', 'drawn', 'weapons']"
300,3689.3,3693.2,"['sees', 'leader', 'knocks', 'revolver', 'black', 'leather', 'jacket']"
301,3698.2,3701.2,"['white', 'house', 'jenny', 'passes', 'peace', 'march']"
302,3709.3,3711.6,"['protesters', 'hold', 'candles', 'hands']"
303,3716.1,3719.4,"['briefly', 'eyes', 'jenny']"
304,3721.8,3723.3,"['wipes', 'forrests', 'sleeve']"
305,3743.2,3744.6,"['jenny', 'hooked']"
306,3752,3753,"['jenny', 'hitchhiking']"
307,3760.2,3761.2,"['takes', 'lsd']"
308,3768.7,3772.9,"['busker', 'walk', 'fame', 'hollywood', 'hey', 'longhaired', 'vw', 'beetle']"
309,3785.1,3785.6,['morning']
310,3787.8,3788.9,['bus']
311,3790.8,3792.2,"['hesitantly', 'approaches', 'wesley']"
312,3801.1,3802.5,['jenny']
313,3805.9,3807.1,['grimly']
314,3818.2,3822.4,"['stares', 'wesley', 'evil', 'takes', 'steps', 'backwards', 'turns', 'short']"
315,3835.8,3840.3,"['forrest', 'opens', 'blue', 'ribbon', 'gold', 'medal', 'bravery', 'fnfzackigem', 'star']"
316,3844.7,3846,"['puts', 'hand']"
317,3867.3,3868.3,['hugs']
318,3873,3874.8,"['jenny', 'wesley', 'bus', 'door']"
319,3879.6,3887.3,"['boarding', 'smiles', 'forrest', 'smiles', 'back', 'wesley', 'forrest', 'pinches', 'dark', 'eyes']"
320,3895.2,3897.8,"['jenny', 'knocks', 'rear', 'window', 'waving', 'forrest']"
321,3901.7,3904.6,"['makes', 'vshaped', 'peace', 'characters', 'answers']"
322,3910.8,3912.4,"['moon', 'landing', 'television']"
323,3914.6,3916.6,"['machine', 'hospital', 'lounge']"
324,3919.1,3924.7,"['chairs', 'front', 'empty', 'staff', 'patients', 'forrest', 'playing', 'rackets', 'balls', 'pingpong']"
325,3965.2,3971.2,"['talk', 'show', 'host', 'dick', 'cavett', 'stands', 'forrest', 'dark', 'blue', 'doublebreasted', 'suit', 'national', 'emblem']"
326,3983.6,3984.5,"['john', 'lennon', 'smoking']"
327,3992.6,3994.5,"['forrest', 'john', 'lennon', 'irritated']"
328,4020.1,4022.2,"['forrest', 'leaves', 'building']"
329,4029.6,4031.6,"['wheelchair', 'long', 'hair']"
330,4062.1,4063.3,"['rolls', 'ramp']"
331,4068.4,4070.4,"['icy', 'slope', 'skidding']"
332,4073.5,4074.8,"['wheelchair', 'reversing']"
333,4077.6,4078.8,"['evening', 'pushes', 'dan']"
334,4087.3,4089.8,"['dan', 'picks', 'liquor', 'bottle', 'bag', 'mouth']"
335,4092.1,4094.6,"['red', 'light', 'district', 'pushes', 'dan', 'traffic', 'jam']"
336,4101.8,4103.3,"['taxi', 'brakes', 'front']"
337,4115.1,4117.8,"['television', 'sing', 'soldiers', 'vietnam']"
338,4122,4124.9,"['watch', 'transmission', 'christmas', 'party', 'bob', 'hope']"
339,4128.8,4130.3,"['thousands', 'gis', 'stand']"
340,4141.8,4143.7,"['dan', 'throws', 'drunk', 'bottle']"
341,4151.6,4152.8,"['sees', 'empty', 'bottle']"
342,4168.1,4169.5,"['opens', 'empty', 'flask']"
343,4195.4,4197.4,"['empty', 'bottle', 'drawer']"
344,4198.3,4199.4,['fall']
345,4203.8,4205.9,"['dan', 'rolled', 'forrest', 'sits', 'sofa']"
346,4212.5,4213.1,['bar']
347,4297.2,4298.2,"['shows', 'television']"
348,4309.9,4311.2,"['passes', 'apartment']"
349,4315.4,4331.7,"['running', 'transfer', 'york', 'jenny', 'grabs', 'hurry', 'things', 'purse', 'corner', 'stands', 'drum', 'set', 'studio', 'jenny', 'pulls', 'garment', 'foot', 'sleeping', 'halfnaked', 'man', 'mirror', 'bed', 'considered', 'black', 'eye', 'leaves', 'apartment', 'patio', 'doors']"
350,4342,4342.7,['bar']
351,4345.9,4356.2,"['tv', 'lights', '1972', 'forrest', 'wearing', 'party', 'hat', 'people', 'throwing', 'confetti', 'karla', 'lenore', 'kiss', 'forrest', 'cheeks', 'dan', 'stares', 'depressed']"
352,4364.9,4366.1,['unresponsive']
353,4383.7,4384.5,"['waiting', 'bench']"
354,4399.2,4400.6,"['nixon', 'holds', 'roll', 'honor']"
355,4408.2,4408.9,['hotel']
356,4428.3,4431.5,"['telephone', 'stand', 'inscription', 'watergate', 'hotel', 'nixon', 'tv']"
357,4442.4,4448.3,"['sports', 'hall', 'black', 'officer', 'tv', 'passes', 'heading', 'forrest', 'pingpong', 'plays']"
358,4460.8,4462.7,"['forrest', 'envelope']"
359,4468.4,4470,"['confused', 'forrest', 'door']"
360,4481.6,4483.4,"['runs', 'bat', 'exit']"
361,4487.8,4502.4,"['missis', 'gump', 'juchzen', 'porch', 'happy', 'smiling', 'remains', 'landing', 'forward', 'son', 'hair', 'slightly', 'gray', 'juchzen', 'forrest', 'lawn', 'wears', 'gray', 'uniform', 'boats', 'head']"
362,4562.9,4564.1,['children']
363,4567.8,4568.4,['grab']
364,4579.7,4580.9,"['pulls', 'piece', 'paper']"
365,4597.6,4598.2,['hafen']
366,4599.4,4600.5,"['black', 'man', 'money']"
367,4619.1,4619.9,['grave']
368,4630.7,4649.8,"['bright', 'sunshine', 'rusty', 'cutter', 'moves', 'sea', 'quarterdeck', 'forrest', 'helm', 'wheelhouse', 'hanging', 'nets', 'vertically', 'booms', 'forrest', 'open', 'network', 'makes', 'catch', 'deck', 'fall', 'garbage', 'seashells', 'shrimp']"
369,4659.7,4661,"['harbor', 'black']"
370,4685.1,4688,"['sign', 'ships', 'side', 'painted', 'jenny']"
371,4692.6,4695.3,"['full', 'disco', 'jenny', 'sits', 'table']"
372,4700,4704.8,"['black', 'rolledup', 'bill', 'pulls', 'line', 'cocaine', 'nose']"
373,4716.3,4735.2,"['dimly', 'lit', 'room', 'man', 'drops', 'syringe', 'table', 'lying', 'money', 'cocaine', 'tablets', 'mans', 'arm', 'hangs', 'loose', 'rubber', 'hose', 'dizziness', 'touched', 'man', 'jennys', 'back', 'lets', 'fall', 'bed', 'sits', 'bed', 'staring', 'impassively', 'ahead', 'face', 'pale']"
374,4737.8,4747.7,"['dresser', 'jenny', 'cocaine', 'lines', 'blurred', 'mirror', 'large', 'wall', 'mirror', 'considered', 'tired', 'face', 'circles', 'eyes', 'jenny', 'balcony']"
375,4751.1,4759,"['highheeled', 'sandals', 'climbs', 'table', 'parapet', 'aimed', 'carefully', 'deep', 'flows', 'nighttime', 'traffic']"
376,4762.1,4768.9,"['clings', 'arms', 'balcony', 'calm', 'face', 'road', 'wind', 'blowing', 'hair']"
377,4775.2,4784.1,"['foot', 'slipping', 'spasmodic', 'jenny', 'holds', 'breathing', 'heavily', 'staring', 'anxiously', 'depths', 'crouch', 'rises', 'parapet']"
378,4787.2,4814.9,"['distraught', 'crouches', 'balcony', 'seat', 'arms', 'crossed', 'jenny', 'weighs', 'back', 'moonlight', 'falls', 'face', 'run', 'cry', 'tears', 'cheeks', 'hole', 'clouds', 'full', 'moon', 'shines', 'shrimp', 'boats', 'network', 'depends', 'boom', 'water', 'forrest', 'hammock', 'sadly', 'night']"
379,4818.8,4836.3,"['day', 'forrest', 'controls', 'jenny', 'shore', 'wears', 'soiled', 'white', 'muscleshirt', 'baseball', 'cap', 'suddenly', 'discovered', 'peering', 'shore', 'pier', 'dan', 'wheelchair', 'forrest', 'lets', 'steering', 'wheel', 'adjusts', 'rail']"
380,4838.4,4841.1,"['dan', 'makes', 'peace', 'characters', 'forrest', 'waving', 'wildly']"
381,4843.3,4844.8,"['forrest', 'jumps', 'overboard']"
382,4847.5,4852.5,"['cutter', 'continues', 'forrest', 'fondles', 'web']"
383,4860.3,4864.5,"['dan', 'smoking', 'cigar', 'mouthpiece', 'forrest', 'climbs', 'ladder']"
384,4905.2,4906.9,"['ship', 'rammed', 'pontoon']"
385,4909.5,4911.3,"['pushes', 'half', 'pontoon', 'front']"
386,4915.8,4918.9,"['open', 'sea', 'high', 'deck', 'dan', 'sits', 'mast']"
387,4925.2,4927,"['confused', 'forrest', 'lets', 'control']"
388,4936.9,4937.8,['turns']
389,4942.2,4944.3,"['forrest', 'considered', 'moves', 'left']"
390,4947.7,4949.3,"['dan', 'wearing', 'headband', 'sunglasses']"
391,4952.4,4953.7,"['forrest', 'opens', 'network']"
392,4954.6,4961.2,"['deck', 'cans', 'toilet', 'seat', 'trash', 'dan', 'sits', 'forrest', 'picks', 'toilet', 'seat', 'considers']"
393,4975.5,4978.8,"['church', 'forrest', 'sings', 'bluered', 'robe', 'gospel', 'choir']"
394,4981.7,4983.1,"['dan', 'sits', 'back', 'drinks']"
395,4990.2,5001.4,"['helmet', 'boot', 'license', 'plate', 'drop', 'deck', 'forrest', 'inspected', 'catch', 'dan', 'abseils', 'sitting', 'swing', 'mast', 'forrest', 'tilts', 'water', 'stahlhelm']"
396,5013.7,5029.6,"['dark', 'violent', 'storm', 'waves', 'crashing', 'ships', 'side', 'forrest', 'wheelhouse', 'fights', 'quarterdeck', 'clings', 'wheel', 'wind', 'whips', 'spray', 'deck', 'dan', 'sits', 'high', 'mast', 'hand', 'holds', 'rope']"
397,5038.7,5042.1,"['shirtless', 'stretched', 'arm', 'blowing', 'flag']"
398,5090.7,5093.1,"['shrimpload', 'lands', 'deck']"
399,5101.3,5102.2,"['waiting', 'bench']"
400,5104.2,5105.7,"['addition', 'thicknesses', 'sits', 'woman']"
401,5132.6,5133.2,[]
402,5155.5,5160.2,"['suitcases', 'fortune', 'magazine', 'cover', 'dan', 'cutter', 'fleet']"
403,5166.9,5167.4,['deck']
404,5168.7,5173.7,"['stops', 'working', 'dan', 'sits', 'railing', 'shirtless', 'wheelchair']"
405,5181.2,5182.6,"['forrest', 'calmly']"
406,5182.9,5184.5,"['dan', 'heaves', 'railing']"
407,5187.3,5190.3,"['smiles', 'forrest', 'turns', 'pushes']"
408,5193.9,5198.3,"['forrest', 'occurs', 'closer', 'railing', 'dan', 'smiling', 'fondles', 'back']"
409,5208,5208.8,"['bus', 'stops']"
410,5237.5,5238.1,['mowing']
411,5246.5,5247.3,"['apple', 'shares']"
412,5258.9,5259.6,['church']
413,5271.2,5272.3,"['church', 'renovated']"
414,5277.4,5279.4,"['gump', 'medical', 'center', 'inaugurated']"
415,5286.9,5289.5,"['bubbas', 'mother', 'staring', 'check', 'faints']"
416,5292,5293.5,"['white', 'cook', 'serves']"
417,5298.1,5299,"['sits', 'mower']"
418,5306.1,5307.6,"['pajamas', 'balcony']"
419,5317.4,5327.3,"['sees', 'jenny', 'white', 'dress', 'coming', 'lawn', 'transparent', 'disappear']"
420,5329.8,5331.4,"['glum', 'forrest', 'turns']"
421,5334.7,5336,"['shuffles', 'door']"
422,5339.8,5341.7,"['reluctantly', 'back', 'house']"
423,5349.1,5354,"['day', 'addition', 'house', 'forrest', 'sits', 'small', 'mower', 'mows', 'large', 'lawn']"
424,5359.2,5360.8,"['draws', 'straight', 'path']"
425,5363.7,5366.6,"['meadow', 'bordered', 'river', 'lined', 'trees']"
426,5369.8,5373.1,"['driveway', 'jenny', 'lawn']"
427,5375.2,5377.7,"['tree', 'swing', 'forrest']"
428,5387.5,5389,"['slowly', 'jenny', 'approaches']"
429,5391.7,5396.3,"['forrest', 'rising', 'incredulous', 'hes', 'steps', 'stops']"
430,5402.1,5403.5,"['rushes', 'jenny']"
431,5409.8,5412.4,"['distance', 'stand']"
432,5416.8,5418.1,"['falling', 'neck']"
433,5423.7,5426.1,"['hesitantly', 'puts', 'arms']"
434,5429.5,5430.6,"['day', 'sleeping']"
435,5445.7,5447,"['stroll', 'meadow']"
436,5473.7,5475.4,"['sit', 'side', 'side', 'oak']"
437,5479,5480.9,"['melancholic', 'viewed', 'jenny', 'roses']"
438,5486.8,5491.1,"['nike', 'shoes', 'wears', 'waiting', 'bench', 'pouring', 'rain', 'falls', 'window']"
439,5495,5499.7,"['jenny', 'turns', 'arm', 'forrest', 'teeters', 'spot', 'swinging', 'arms', 'omitted']"
440,5508.4,5510.5,"['evening', 'river', 'puts', 'arm']"
441,5514.2,5519.8,"['water', 'bursting', 'fireworks', 'reflected', 'sky', 'spray', 'colorful', 'flowers']"
442,5522.3,5531.7,"['tv', 'statue', 'liberty', 'exploding', 'rockets', 'jenny', 'sits', 'brooding', 'front', 'device', 'forrest', 'sits', 'soda', 'window', 'sill', 'watched']"
443,5541.8,5543.7,"['kisses', 'temple', 'turns']"
444,5544.6,5551.5,"['forrest', 'resolutely', 'puts', 'bottle', 'stopping', 'jenny', 'rises', 'stairs', 'forrest', 'hallway']"
445,5553.5,5555.4,"['jenny', 'turns']"
446,5589.7,5592,"['forrest', 'screen', 'door']"
447,5595.6,5601.1,"['porch', 'puts', 'hands', 'hips', 'stops', 'thunder', 'jenny']"
448,5602.6,5604.7,"['dark', 'house', 'pouring', 'rain']"
449,5609.4,5614.6,"['forrest', 'lying', 'bed', 'jenny', 'nightgown', 'train', 'window', 'opens', 'eyes']"
450,5617.6,5627.9,"['jenny', 'stops', 'door', 'forrest', 'aimed', 'slips', 'blanket', 'jenny', 'lays']"
451,5631.5,5633.1,"['kiss', 'mouth']"
452,5636.5,5642.7,"['kiss', 'intimately', 'timid', 'raises', 'forrest', 'hands', 'closes', 'jenny', 'arms']"
453,5650.6,5654.5,"['curtain', 'bed', 'jenny', 'takes', 'nightgown']"
454,5655.7,5658.2,"['forrest', 'hugged', 'kiss']"
455,5661.5,5664,"['bright', 'front', 'house']"
456,5666.1,5671.7,"['skirt', 'blouse', 'jenny', 'bag', 'porch', 'hurries', 'lawn', 'taxi']"
457,5676.7,5678.4,"['driver', 'rear', 'door']"
458,5689.7,5693.5,"['window', 'upper', 'floor', 'house', 'downstairs', 'drives', 'taxi']"
459,5699.1,5703.3,"['forrest', 'asleep', 'bed', 'bare', 'shoulders', 'peek', 'blanket']"
460,5706.2,5717.3,"['dresser', 'located', 'forrests', 'table', 'tennis', 'bat', 'gold', 'medal', 'bravery', 'blue', 'ribbon', 'forrest', 'stands', 'dressing', 'gown', 'glass', 'milk', 'door', 'medal']"
461,5719.7,5724.2,"['jennys', 'room', 'bed', 'unaffected', 'forrest', 'stands', 'doorway', 'staring']"
462,5728.1,5731,"['sits', 'living', 'room', 'straight', 'window', 'sill']"
463,5736.3,5741.8,"['porch', 'forrest', 'sits', 'motionless', 'rocking', 'chair', 'running', 'shoes']"
464,5749.7,5752.7,"['forrest', 'puts', 'red', 'bubba', 'gump', 'shrimpcap']"
465,5755.7,5756.4,['stands']
466,5760.2,5769.1,"['rises', 'porch', 'lawn', 'begins', 'run', 'faster', 'runs', 'access', 'road']"
467,5799.3,5800.7,"['forrest', 'mississippi']"
468,5803.9,5804.8,"['waiting', 'bench']"
469,5811,5816.5,"['santa', 'monica', 'forrest', 'runs', 'pier', 'railings', 'end', 'slightly', 'longer', 'hair', 'full', 'beard']"
470,5823.1,5825.6,"['forrest', 'reached', 'small', 'lighthouse', 'atlantic', 'coast']"
471,5843,5846,"['waiting', 'bench', 'familiar', 'woman']"
472,5856.6,5872.5,"['forrest', 'runs', 'river', 'cap', 'sticks', 'neck', 'long', 'hair', 'ripe', 'wheat', 'fields', 'running', 'secluded', 'deadstraight', 'road', 'field', 'stone', 'bridge', 'crosses', 'clear', 'river', 'background', 'snowcapped', 'peaks', 'rocky', 'mountains']"
473,5877.6,5886.8,"['shorts', 'runs', 'shoulderlength', 'hair', 'country', 'road', 'forrest', 'forest', 'constant', 'pace', 'foliage', 'glows', 'yellow', 'orange', 'red']"
474,5898.7,5900,"['greenbow', 'barber']"
475,5909.8,5911.3,"['jenny', 'served', 'restaurant']"
476,5934.6,5936,"['reporter', 'run']"
477,5940.2,5943.4,"['place', 'young', 'man', 'clings', 'heels']"
478,5961.9,5963.8,"['people', 'follow']"
479,5969,5971.4,"['desert', 'long', 'runner', 'trots', 'snake']"
480,6005.4,6007,"['man', 'stops', 'thinking']"
481,6014,6015.4,"['bumper', 'sticker', 'shit']"
482,6030.2,6034.7,"['forrest', 'yellow', 'tshirt', 'expresses', 'dirty', 'face', 'returns', 'smiley', 'impression']"
483,6045.2,6047.4,"['forrest', 'runs', 'followers', 'steppe']"
484,6052.4,6053.7,"['background', 'mesas']"
485,6072.2,6084.7,"['stops', 'good', 'piece', 'stops', 'group', 'fifty', 'men', 'women', 'wavy', 'hair', 'cap', 'reaches', 'shoulder', 'blades', 'shaggy', 'beard', 'chest', 'turns']"
486,6089.5,6095.5,"['forrest', 'people', 'wears', 'blue', 'track', 'jacket', 'brown', 'trousers', 'wide', 'raincoat']"
487,6106.2,6108.6,"['dragging', 'steps', 'walks', 'group']"
488,6117.5,6121.5,"['people', 'soft', 'left', 'check']"
489,6124.9,6125.9,['forrest']
490,6133.7,6135.9,"['tv', 'president', 'reagan', 'car']"
491,6139.5,6140.7,"['shooter', 'overwhelmed']"
492,6146.2,6147.2,"['bei', 'forrest', 'louise']"
493,6182.4,6183.6,"['shows', 'road']"
494,6185.5,6188.2,"['takes', 'letter', 'runs', 'chocolate', 'box', 'luggage']"
495,6190,6190.7,['road']
496,6194.2,6195.3,"['forrest', 'rushes']"
497,6198.4,6199.9,"['jenny', 'opens', 'apartment', 'door']"
498,6204.4,6205.2,['hugged']
499,6211.9,6213.7,"['jenny', 'long', 'neck', 'blow', 'dry']"
500,6222.8,6225.2,"['wears', 'turquoise', 'waitresses', 'dress']"
501,6226.8,6227.9,"['forrest', 'box']"
502,6241.5,6245.4,"['covers', 'walk', 'runners', 'world', 'national', 'enquirer']"
503,6250,6252.3,"['jenny', 'album', 'forrest', 'considered']"
504,6255.2,6256.3,"['works', 'album']"
505,6276.4,6277.6,"['woman', 'brings', 'boy']"
506,6280.8,6281.6,['lifts']
507,6291.8,6294.3,"['blond', 'boy', 'arm', 'forrest']"
508,6303.8,6305,"['runs', 'nursery']"
509,6326.4,6328,"['continues', 'stare', 'boy']"
510,6333.4,6337.2,"['bewildered', 'backs', 'lowers', 'eyes', 'bashfully']"
511,6340.9,6342.1,"['restless', 'spot']"
512,6346.2,6347.1,"['takes', 'hand']"
513,6353,6355.5,"['watched', 'son', 'sesame', 'street', 'kuckt']"
514,6379,6381.7,"['forrest', 'junior', 'back']"
515,6390.8,6394.3,"['unsure', 'forrest', 'son', 'sitting', 'floor', 'pillow']"
516,6401.2,6402.6,"['forrest', 'sits']"
517,6409,6410.8,"['jenny', 'observed', 'stirred']"
518,6417.6,6421.9,"['playground', 'park', 'rocks', 'forrest', 'junior', 'parents', 'sitting', 'bench']"
519,6473.1,6479.5,"['forrests', 'house', 'smartly', 'dressed', 'people', 'louise', 'yellow', 'dress', 'forrest', 'pensively']"
520,6482.6,6499.8,"['jenny', 'house', 'flowerdecked', 'patio', 'forrest', 'meet', 'wearing', 'light', 'gray', 'suit', 'posy', 'buttonhole', 'dark', 'floral', 'tie', 'jenny', 'rises', 'barefoot', 'steps', 'wearing', 'creamcolored', 'wedding', 'dress', 'puff', 'sleeves', 'simple', 'wreath', 'flowers', 'hair']"
521,6503.6,6504.5,"['jenny', 'directed']"
522,6508.5,6515.9,"['overlook', 'driveway', 'walking', 'upright', 'leaning', 'stick', 'dan', 'lawn', 'asian', 'girl', 'accompanied']"
523,6518.2,6532.1,"['hesitantly', 'walks', 'couple', 'dan', 'slowly', 'approaches', 'stiffly', 'short', 'hair', 'cleanshaven', 'wearing', 'light', 'suit', 'companion', 'head', 'smaller', 'wears', 'purple', 'flowered', 'dress']"
524,6542.8,6544.1,"['shows', 'prosthesis']"
525,6546,6547.3,"['put', 'shoe', 'sock']"
526,6566.6,6567.7,['hand']
527,6575.6,6580.5,"['ranges', 'dans', 'hand', 'kisses', 'cheek', 'dan', 'forrest', 'smiles', 'proudly']"
528,6583.4,6584,['garden']
529,6600.2,6603.4,"['dry', 'leaves', 'blowing', 'treelined', 'drive', 'powerful']"
530,6604.9,6612.9,"['trees', 'walk', 'jenny', 'forrest', 'holding', 'hands', 'home', 'son', 'picks', 'father', 'takes', 'hand']"
531,6614.5,6625,"['house', 'forrest', 'breakfast', 'tray', 'mothers', 'bedroom', 'abruptly', 'stops', 'stares', 'jenny', 'lies', 'motionless', 'bed', 'head', 'rests', 'pillows']"
532,6626.3,6627.3,"['opens', 'eyes']"
533,6635.6,6640.7,"['puts', 'tray', 'small', 'table', 'bed', 'stopping', 'moves', 'window']"
534,6644.6,6648.6,"['sits', 'chair', 'jenny', 'turns', 'supports', 'head', 'hand']"
535,6657.8,6659.1,"['forrest', 'nachts', 'vietnam']"
536,6664.5,6667.2,"['takes', 'helmet', 'hole', 'clouds', 'sky']"
537,6669,6669.8,"['jenny', 'smiles']"
538,6676.1,6677.1,['boat']
539,6681,6682.5,"['lake', 'peaks', 'reflect']"
540,6683.8,6684.7,['runs']
541,6696.2,6698.1,"['forrest', 'shaggy', 'hair', 'beard']"
542,6708.2,6712,"['bed', 'forrest', 'absently', 'jenny', 'dreamily', 'window']"
543,6716.8,6717.7,[]
544,6721.6,6726.9,"['jenny', 'eye', 'smiles', 'sadly', 'takes', 'hand']"
545,6732.8,6734.5,"['forrest', 'tenderly']"
546,6738.5,6741,"['stands', 'grave', 'lies', 'crown', 'stones']"
547,6754.7,6755.8,[]
548,6777.6,6779.8,"['evening', 'sitting', 'son', 'reading']"
549,6800.7,6802.2,"['porch', 'plate']"
550,6807.4,6810.1,"['sit', 'fishing', 'rods', 'stump', 'river']"
551,6839.4,6848.2,"['addition', 'bouquet', 'rejected', 'letter', 'grave', 'stone', 'cover', 'childs', 'handwriting', 'mom', 'forrest', 'exits', 'stone', 'ring', 'stops']"
552,6919.6,6929.1,"['head', 'forrest', 'sprawling', 'oak', 'tree', 'stands', 'grave', 'meadow', 'low', 'sun', 'warm', 'orange', 'lights', 'treetop']"
553,6934.3,6936.4,"['forrest', 'flies', 'past', 'flock', 'birds']"
554,6940.4,6941.6,['forrest']
555,6945.3,6947.8,"['road', 'sitting', 'father', 'son', 'tree', 'stump']"
556,6950,6952.4,"['pulls', 'curious', 'georgebook', 'satchel']"
557,6963.7,6967,"['forrest', 'leafs', 'graywhite', 'feather', 'falls', 'unnoticed']"
558,6969.7,6971.3,"['puts', 'book', 'back', 'pocket']"
559,6972.9,6976.7,"['bag', 'shoulder', 'breakfast', 'bag', 'forrest', 'junior', 'bus', 'door']"
560,6992.3,6994.9,"['boy', 'bus', 'driver', 'chewing', 'gum']"
561,7003.2,7006.1,"['laughs', 'waving', 'father', 'joins']"
562,7017.2,7018.6,"['forrest', 'bus']"
563,7023.7,7027,"['sits', 'back', 'stump', 'melancholy']"
564,7030.2,7034.2,"['forrests', 'hands', 'resting', 'knees']"
565,7034.1,7038,"['feet', 'spring', 'lies', 'grass', 'gust', 'wind', 'swirls', 'high']"
566,7047,7053,"['spring', 'rises', 'higher', 'air', 'turns', 'smoothly', 'sits', 'forrest', 'stump']"
567,7056.8,7060.1,"['spring', 'flying', 'tops', 'mighty', 'trees', 'entrance']"
568,7064.5,7067.6,"['high', 'spring', 'peeping', 'clouds', 'blue', 'sky']"
569,7071.2,7073.8,"['spring', 'descends', 'slightly', 'whirls']"
570,7076.2,7077.3,['raised']
571,7080.3,7081.7,"['floats', 'camera']"
572,7083.2,7084.3,"['image', 'black']"
