Start time,End time,German ><,English!
1.3,10.5,Eine Computeranimation: Auf einen schroffen Berg mit schneebedeckter Flanke fliegt eine Reihe Sterne zu. Sie bilden einen Kranz um den Gipfel: 'Paramount'.,A computer animation: On a rocky mountain with snowy flank flies a series to star. They form a ring around the summit: 'Paramount'.
15.9,19.5,Vor bewölktem Himmel schwebt eine grau-weiße Feder durch die Luft.,Against cloudy sky floats a gray-white feather through the air.
22.6,25.8,In einer Stadt segelt sie über die Baumkronen eines Parks.,In a city she sails over the treetops of a park.
31.7,36.7,Ein Robert-Zemeckis-Film: Tom Hanks als 'FORREST GUMP'.,Ein Robert-Zemeckis-Film: Tom Hanks als 'FORREST GUMP'.
40.7,61,Die Feder fliegt ein paar Meter über den Wipfeln. Robin Wright als Jenny; Gary Sinise als Lieutenant Dan; Mykelti Williamson als Bubba und Sally Field als Missis Gump; Musik: Alan Silvestri; Drehbuch: Eric Roth; Nach dem gleichnamigen Roman von Winston Groom; Regie: Robert Zemeckis.,The spring is flying a few feet above the treetops. Robin Wright as Jenny; Gary Sinise as Lt. Dan; Mykelti Williamson as Bubba and Sally Field as Missis Gump; Music: Alan Silvestri; Screenplay: Eric Roth; After the novel by Winston Groom; Directed by Robert Zemeckis.
68.7,73,In der Nähe eines Kirchturms sinkt die Feder vor einem weißen Gebäude langsam tiefer.,Near a church tower the spring falls in front of a white building slowly deeper.
77,91.5,"Die Hörfilmfassung wurde produziert vom Bayerischen Rundfunk im Auftrag des Schweizer Fernsehens; Text: Koop, Michalski und Beckmann – Hörfilm e.V; Redaktion: Elmar Dosch und Bernd Benecke; Tonmischung: Herbert Glaser; Sprecher: Thomas Meinhardt.","The Hörfilmfassung was produced by Bayerischer Rundfunk on behalf of Schweizer Fernsehen; Text: Koop, Michalski and Beckmann - Hörfilm eV; Editorial: Elmar Dosch and Bernd Benecke; Re: Herbert Glaser; Speaker: Thomas Meinhardt."
93,101,"Die Feder trudelt zu einer Straße hinunter, Die durch den Park führt. Ein Mann bleibt kurz am Bordstein stehen. Die Feder landet sanft auf seiner Schulter.",The spring is coasting down to a road that leads through the park. A man remains briefly standing at the curb. The spring lands softly on his shoulder.
105.6,124.9,"Der Mann überquert die Fahrbahn. Die Feder schwebt weiter über die Windschutzscheibe eines Chevrolets. Sie sinkt bis dicht über den Asphalt und fliegt unter einem Wagen hindurch, der an einer Bushaltestelle vorbeifährt. Die Feder wird wieder hochgewirbelt und trudelt zu einem Mann auf einer Wartebank. Sie landet an einem seiner abgewetzten Nike-Laufschuhe.",The man crossed the road. The spring hovers continue over the windshield of a Chevrolet. She sinks resistant to over the asphalt and flies under a carriage through which passes by a bus stop. The spring is swirled again and coasts to a man waiting on a bench. She ends up at one of its scuffed Nike running shoes.
126.2,145.7,"Der Mann hebt sie auf und betrachtet sie. * Er ist etwa vierzig, schlank und braungebrannt und hat kleine dunkle Augen. Sein kurzes dunkles Haar mit Geheimratsecken ist über den Ohren ausrasiert. Er trägt einen hellen Anzug und ein blau kariertes Hemd. * Der Mann nimmt eine Pralinenschachtel von einem kleinen Koffer und öffnet ihn.","The man picks it up and looks at it. * He is about forty, slim and tanned and has small dark eyes. His short dark hair with a receding hairline is shaved over the ears. He is wearing a light-colored suit and a blue plaid shirt. * The man takes a box of chocolates from a small suitcase and opens it."
147,160.2,"Zwischen den akkurat gepackten Sachen liegen auch ein rotes Käppi und ein Tischtennisschläger. Aus dem Kofferdeckel zieht der Mann das Kinderbuch 'Curious George'. Er legt die Feder hinein, Schließt den Koffer und stellt ihn neben sich.","There are also a red cap and a ping-pong bats Between accurately packed stuff. From the trunk lid of the man pulling the children's book 'Curious George'. He puts the spring in, closes the suitcase and puts it next to him."
161.8,164.4,Der Mann schaut mit ernstem Gesicht in Leere.,The man looks with a straight face in emptiness.
166.1,175.2,Ein Linienbus hält. (bisschen QUIETSCHEN) Darauf eine Werbung für ein neues Automodell von 1981.,A public bus stops. (little squeak) Thereupon an advertisement for a new car model of the 1981st
178.6,189.1,Der Mann öffnet die Pralinenschachtel. Eine schwarze Frau in Schwesterntracht setzt sich zu ihm auf die Bank. Schnell macht der Mann die Schachtel wieder zu. Die Krankenschwester blickt in eine Zeitschrift.,The man opens the box of chocolates. A black woman in a nurse's uniform sits down beside him on the bench. Quick makes the man the box again. The nurse looks at a magazine.
194.4,199.6,"Die Schwester sieht kurz hoch, nickt und liest weiter. Forrest hält ihr die geöffnete Pralinenschachtel hin.","The nurse looks up briefly, nods and continues reading. Forrest holds out the opened box of chocolates."
202,203.1,Sie schüttelt den Kopf.,She shakes her head.
214.1,215.5,Er steckt sich eine in den Mund.,He puts one in his mouth.
217.9,219.4,Die Schwester reagiert nicht.,The nurse does not respond.
221,223.6,Forrest zeigt auf ihre strahlend weißen Halbschuhe.,Forrest shows on its gleaming white loafers.
251.6,254.7,Interessiert sieht die Schwester von ihrem 'People'-Magazine zu ihm.,Interested sees the sister of her to People Magazine to him.
266.3,268.2,Er kneift die Augen fest zu.,He squints too tightly.
276.1,276.8,ss Ein Arzt:,ss A doctor:
278.2,284.7,"s Der etwa 10-jährige sitzt auf einer Liege und starrt auf seine Beine, an die Metallschienen geschnallt sind. Der dicke Arzt hebt ihn runter.","s The 10-year-old sitting on a couch, staring at his legs are strapped to the metal rails. The fat doctor lifts him down."
288.6,292.7,"Mit steifen Knien stakst der Junge an einer Dunkelhaarigen vorbei, die auf einem Stuhl sitzt.","With stiff knees the boy stalking past a dark-haired, sitting on a chair."
295.8,298.1,Der Arzt hat eine brennende Zigarette im Mundwinkel.,The doctor has a burning cigarette in his mouth.
310.8,312.2,ss Der kippt um.,ss The topples.
321.6,324,"(""Und was hat der gemacht?"" Übersprechen) Ss Ein alter Film vom General, Der aussieht wie Forrest.","(""And what did the?"" Crosstalk) Ss An old film from the General, who looks like Forrest."
350.5,355.5,s Auf einer Straße: An der Hand seiner Mutter bleibt der kleine Forrest mit einer Schiene in einem Gully-Gitter stecken.,s On a street: At his mother's hand the small Forrest with a rail in a gully gratings stuck.
363.6,365.5,"(""Das muss doch da raus"" [???] Übersprechen) Ss Zwei Männer vor einem Friseurladen:","(""That's got to get out there"" [???] crosstalk) Ss Two men in front of a barber shop:"
416.7,418,ss Sie steuern aufs Haus zu.,ss You are heading for the house.
425.1,427,Vor der breiten Veranda bleiben sie stehen.,Before the wide porch they stop.
434.1,434.7,ss Ein Büro:,ss An office:
445.5,447.9,ss Forrest sitzt neben der offenen Tür im Schulflur.,ss Forrest sitting next to the open door in the school hallway.
511.9,513.9,Hancock mustert sie lüstern.,Hancock She looks lustfully.
517,517.5,Abends:,In the evening:
519.1,524,Forrest sitzt vor dem Haus auf einer Schaukel und blickt zu Boden. Im ersten Stock brennt Licht.,Forrest sitting in front of the house on a swing and looks at the ground. On the first floor light burns.
527.9,532.9,Verschwitzt kommt Hancock aus dem Haus auf die Veranda. Dort sitzt Forrest teilnahmslos in einem Schaukelstuhl.,Sweaty comes Hancock out of the house onto the porch. There Forrest sits impassively in a rocking chair.
537.4,542.2,Mit einem Taschentuch wischt er sich über den Hals und sieht zu Forrest. Der starrt ins Leere.,With a handkerchief he wipes his neck and looks to Forrest. The staring into space.
545.3,546.6,Forrest schaut Hancock an.,Forrest looks at Hancock.
550.5,555.4,Hancock marschiert davon. * s Die Mutter sitzt mit dem Buch 'Curious George' auf dem Bett von Forrest.,Hancock marched them. * S The mother sits with the book 'Curious George' on the bed of Forrest.
578,580.2,Er blickt gedankenverloren zur Zimmerdecke.,He looks thoughtfully at the ceiling.
586.9,587.7,Es ist Tag.,It's day.
619.8,622.7,Missis Gump geht neugierig zu einer geschlossenen Zimmertür.,Missis Gump is curious to a closed door.
624.2,629.5,s Forrest schwingt mit gebeugten Knien die Hüften und hält sich an einem Besen fest. Der Gitarrist hat eine Tolle.,s Forrest resonates with knees bent hips and holds on to a broom. The guitarist has a great.
645.6,646.2,Sie geht.,She goes.
675.5,677.1,s Im Fernsehen Elvis Presley.,s On TV Elvis Presley.
683.8,687,Er tanzt wie Forrest. Dabei schwingt er lasziv die Hüften.,He dances like Forrest. He swings his hips lasciviously.
690,693,Sie geht. Forrest sieht weiter fasziniert zu Elvis.,She goes. Forrest sees further fascinated to Elvis.
702.4,703.4,s An der Haltestelle.,s at the bus stop.
706.2,708.5,Die Krankenschwester sieht wieder in ihre Zeitschrift.,The nurse looks back to her magazine.
717,718.6,An einer Straße hält ein Schulbus.,Located on a street holding a school bus.
723.9,726,s Die rauchende Busfahrerin sieht Forrest an.,s The fuming bus driver looks at Forrest.
733.2,735.5,Forrest bleibt unschlüssig vor der Tür stehen.,Forrest remains undecided before the door.
743.9,747.7,Dorothy schmunzelt. Forrest steigt etwas mühsam mit seinen Beinschienen ein.,Dorothy smiles. Forrest rises somewhat tedious one with his leg braces.
752,755.7,Er geht durch den fast voll besetzten Bus und blickt auf zwei Jungs in einer Bank.,He goes through the almost fully occupied bus and looks at two guys in a bank.
760.5,768.5,"s Der Platz neben ihm ist leer. Forrest sieht ein Mädchen an, das neben einem anderen sitzt. Es schüttelt den Kopf. Weit hinten sitzt ein Junge allein in einer Bank",s The seat next to him is empty. Forrest looks at a girl sitting next to another. It shakes his head. Far back sits a boy alone in a bank
795.5,797.6,Ein zierliches blondes Mädchen schaut ihn an.,A little blond girl looks at him.
808.1,810.7,Forrest setzt sich und senkt verlegen den Blick.,Forrest sits down and lowers the embarrassed look.
839.2,840.1,s Sie gibt ihm die Hand.,s She gives him her hand.
848.4,849.6,Sie laufen zu einer Eiche.,They run into an oak.
856.6,858.1,ss Er hängt mit einer Hand am Ast.,ss He hangs with one hand on the road.
864.3,865.7,Er hängt kopfüber im Baum.,He hangs upside down in the tree.
874.5,876,s Auf dem Baum nimmt sie seine Hand.,s On the tree she takes his hand.
885.8,888.3,Auf der Wartebank blickt Forrest traurig vor sich hin.,On the waiting bench Forrest looks sadly to himself.
890,892.5,Die Krankenschwester sieht ungerührt in ihre Zeitschrift.,The nurse looks unmoved in their magazine.
896.2,897.3,ss Die Schwester blickt hoch.,ss The sister looks up.
900.2,902.8,ss Forrest und Jenny auf einem Weg. Er kriegt einen Klumpen (STUDIO) An den Kopf.,ss Forrest and Jenny on a path. He gets a lump (STUDIO) to the head.
903.8,904.8,ss Noch ein Klumpen. Forrest kippt um.,ss Another lumps. Forrest turns over.
921.8,923.3,s Die Drei jagen an Jenny vorbei.,s The Three chase over to Jenny.
926.7,928.1,Er stakst den Weg entlang.,He is stalking along the way.
931.3,935.3,Forrest wird schneller. Die Jungs auf ihren Rädern holen langsam auf.,Forrest is faster. The guys on their wheels are catching up slowly.
937,943.2,Behindert durch die Schienen hastet Forrest weiter. In Zeitlupe: Mit seinen steifen Beinen macht er ungelenke Schritte.,"Hampered by the rails bustles Forrest on. In Slow Motion: With his stiff legs, he makes awkward steps."
946.7,952.3,Die Verfolger treten verbissen in die Pedale. Gehetzt sieht sich Forrest zu ihnen um. Er hat eine Platzwunde an der Stirn.,The persecutors occur doggedly in the pedals. Rushed be Forrest looks to them. He has a laceration on his forehead.
953.9,962,"Im Laufen beginnt Forrest plötzlich, die Knie zu beugen. Die Halterungen der Schienen reißen ab; Einzelteile fliegen durch die Luft.",In Run Forrest suddenly begins to bend your knees. The holders of the rails torn off; Items flying through the air.
966.9,968.6,Die letzten Teile fallen ab.,The last parts fall off.
970.5,974.2,Forrest starrt entschlossen nach vorn. Die Jungs fahren durch die Reste der Schienen.,Forrest stares resolutely forward. The boys go through the remains of the rails.
979.7,980.6,Auf der Wartebank:,On the waiting bench:
983.4,986.2,"Die Krankenschwester nickt, ohne von ihrer Zeitschrift aufzuschauen.","The nurse nodded, without looking up from her magazine."
993.3,999.6,"Die drei Jungs stoppen. Verblüfft sehen sie dem davonrasenden Forrest nach, der eine Staubwolke hinter sich her zieht.","The three boys stop. Puzzled look after them raving Forrest, who draws a cloud of dust behind him."
1001.1,1005.3,Forrest biegt vom Weg ab und flitzt über eine große Wiese auf eine Baumreihe zu…,Forrest turns off the path and scampered across a large meadow on a row of trees on ...
1007.3,1009.8,"… und überquert eine kleine Brücke, auf der Angler sitzen.","... And crossed a small bridge, sit on the angler."
1013.7,1024.2,"s Er rennt an Sträflingen vorbei, die den Grünstreifen am Straßenrand bearbeiten. * In Greenbow jagt er am Friseurladen vorbei und wirbelt dabei eine Zeitung hoch. Drei Männer im Laden glotzen ihm nach.",s He runs past convicts who work the grass verge at the roadside. * In Greenbow he chases past the barbershop and swirls it up a newspaper. Three men in the shop staring after him.
1027.3,1030.1,Forrest rast auf ein kleines ärmliches Farm-Haus zu.,Forrest races toward a small impoverished farm house.
1053,1055.1,"s Er entdeckt Jenny, die bei einem Tabakfeld steht.","s He discovers Jenny, which stands at a tobacco field."
1066.7,1068,s Sie zieht Forrest ins Feld.,s She pulls Forrest into the field.
1073.6,1075.6,Ihr Vater stapft durch die brusthohen Pflanzen.,Her father trudges through the chest-high plants.
1077.1,1080.5,In seiner Hand ein Flachmann. Jenny zieht Forrest in ein hohes Maisfeld.,"In his hand, a hip flask. Jenny pulls Forrest in a tall cornfield."
1084,1086.1,Zwischen den Pflanzen knien sich die Kinder hin.,"Between the plants, the children kneel."
1131.8,1132.7,ss Die Zwei im Bett.,ss The two in bed.
1146.1,1146.8,ss Ein Klumpen trifft ihn.,ss A lump hits him.
1149.4,1150.4,ss Jenny als Teenager.,ss Jenny als Teenager.
1155.6,1157.9,ss Der Werfer springt zu den zwei anderen auf einen Pickup.,ss The thrower jumps to the other two on a pickup.
1177,1182,Der Pickup fährt dicht hinter Forrest. Der biegt wieder auf die Wiese… (JOHLEN) …der Pickup hinterher.,The pickup driving close behind Forrest. The flexing back afterwards to the meadow ... (yelling) ... the pickup.
1191.4,1194.2,s Er springt über einen Zaun. (SCHREI) * Auf der Wartebank:,s He jumps over a fence. (CRY) * on the waiting bench:
1201.4,1204.1,Forrest rennt auf einer Straße; der Pickup folgt ihm.,Forrest runs on a road; the pickup follows him.
1211.8,1215.8,"Forrest biegt ab und rast auf ein Football-Feld, auf dem ein Spiel stattfindet.",Forrest turns and resting on a football field in which there will be a game.
1217.5,1225.9,"s Ein Quarterback wirft einen Pass. Sein Coach sieht zu. ""NA ALSO!"" Forrest überholt den Fänger. Der guckt baff – und wird vom Gegner umgerannt.","s A quarterback throwing a pass. His coach looks for. ""SO WHAT!"" Forrest overtaken the catcher. The looks flabbergasted - and is run over by the enemy."
1226.8,1229.4,s Der Coach und seine Assistenten glotzen Forrest nach.,s The coach and his assistants gawk by Forrest.
1242.3,1247.6,s In einem vollen Football-Stadion. Forrest als Spieler träumt vor sich hin. Ein Mitspieler läuft mit dem Ball zu ihm.,s In a full football stadium. Forrest as player dreams to himself. A player running with the ball to him.
1254.3,1256,Forrest hängt mehrere Gegner ab.,Forrest depends multiple enemies.
1261,1266.2,In einem Tribünenblock formen die Zuschauer mit roten Tafeln die Worte 'Go Alabama'. Der Coach:,In a grandstand block the audience with red panels form the words 'Go Alabama'. The Coach:
1268.5,1273.4,ss Forrest weicht einem Gegner aus. Der stößt mit einem Mitspieler zusammen. (ZUSAMMENSTOSS) Forrest rennt zur Seitenlinie.,ss Forrest evades an opponent. The collides with a team-mate. (IMPACT) Forrest runs to the sideline.
1274,1284.7,"s Er biegt Richtung Touchdown-Linie ab. Zwei Gegner hechten ihm vergeblich nach. Forrest durchquert die Touchdown-Zone mit dem Ball, rennt Musiker einer Kapelle um … (UMRENNEN) … und stürmt durch ein Stadiontor hinaus.","s He bends direction from touchdown line. Two opponents dive after him in vain. Forrest the touchdown zone crosses the ball, runs a chapel musician to ... (knock down) ... and storms out by a Stadiontor."
1292.9,1306.1,"Es ist dunkel. Im strömenden Regen sitzt Forrest vor einem Hauseingang und hält eine Pralinenschachtel auf dem Schoß. Er sieht zu einem näher kommenden Auto, das etwas entfernt parkt. Darin sitzen zwei Personen. Forrest blickt aufmerksam hin.","It is dark. In pouring rain Forrest sitting in front of a doorway, holding a box of chocolates on her lap. He sees a approaching car which is parked some distance away. In it sit two people. Forrest looks out carefully."
1312,1319.8,Die beiden umarmen sich. Forrest steht auf. Die blonde Frau lehnt den Rücken an die Beifahrertür und stützt sich mit den Händen an den Scheiben ab,"The two embrace. Forrest gets up. The blonde woman is leaning back against the passenger door, and supports himself with his hands on the discs from"
1323.4,1325,Entschlossen rennt Forrest hin…,Determined runs towards Forrest ...
1328.1,1331.3,… sieht durch die beschlagene Windschutzscheibe und reißt die Fahrertür auf.,... Looks through the misted windscreen and tears the driver's door.
1332.6,1333.8,Er schlägt auf den Fahrer ein.,He punches the driver.
1336.4,1338,Jenny steigt aus und rennt zu ihm.,Jenny gets out and runs to him.
1339.5,1340.2,ss Sie zieht ihn weg.,ss She pulls him away.
1364.8,1365.9,s Sie nimmt sie wütend.,s It takes them angry.
1374.5,1375.2,Er bleibt stehen.,He stops.
1378.5,1379.6,Er schaut an sich runter.,He looks down at himself.
1382.7,1389.9,"Sie greift nach seiner Hand und zieht ihn hinter sich her. * s In einem Flur späht Jenny um eine Ecke, schleicht mit Forrest zu einem Zimmer und schließt auf.","She reaches for his hand and pulls him along behind him. * S in a hallway Jenny peeking around a corner, with Forrest sneaks into a room and unlocks."
1392,1395.9,"Später: Jenny, im Unterkleid, nimmt den Bademantel ihrer schlafenden Mitbewohnerin…","Later: Jenny, the petticoat, takes the robe her sleeping roommate ..."
1397.5,1399.1,s …und legt ihn um seine nackten Beine.,s ... and puts it around his bare legs.
1400.7,1402.1,ss Auch sein Oberkörper ist nackt.,ss His torso is naked.
1417.1,1418.5,Jenny trocknet ihre Haare.,Jenny dries her hair.
1426.9,1428.5,s Sie zieht ihr Unterkleid aus.,s you takes off her petticoat.
1431.4,1434.2,In BH und Unterhose setzt sie sich neben Forrest aufs Bett.,In bra and underpants she sits down next to Forrest on the bed.
1437.3,1444.7,Schüchtern sieht Forrest auf ihren Busen. Jenny ist schlank. Sie hat ein schmales ebenmäßiges Gesicht und glattes langes Haar. Sie bemerkt seinen Blick.,Shy looks Forrest on her bosom. Jenny is slim. She has a slim and harmonious face and straight long hair. She noticed his gaze.
1454.5,1462.8,Jenny sieht ihn ruhig an. Sie öffnet ihren BH … (KLICK) … und streift ihn ab. Forrests Augen weiten sich. Verlegen schaut er weg.,"Jenny looked at him calmly. She opens her bra ... (click) ... and clips him off. Forrest's eyes widen. Embarrassed, he looks away."
1465.6,1468.1,Jenny nimmt seine Hand und legt sie sich auf die Brust.,Jenny takes his hand and places it on his chest.
1472.1,1474.3,Forrest linst aus den Augenwinkeln rüber.,Forrest peeping over from the corner of his eye.
1475.3,1476.3,Er zuckt zusammen.,He winces.
1489.5,1491,s Er schaut aufgewühlt vor sich hin.,s He looks upset to himself.
1492.2,1493.7,Jenny zieht den BH wieder an.,Jenny pulls her bra again.
1499.1,1502.1,Sie schmiegt ihren Kopf an seine Schulter und streicht ihm über die Wange.,"She nestled her head on his shoulder, stroking his cheek."
1514,1519.8,Sie küsst ihn auf die Wange. (KUSS) Die Mitbewohnerin liegt von ihnen abgewandt im Bett und schaut angewidert.,She kisses him on the cheek. (KISS) The roommate is away from them in bed and looking disgusted.
1526,1540.1,s Im Stadion formen die Zuschauer mit den Tafeln 'Go Forrest'. Der hängt alle Gegner ab und erreicht die Touchdown-Zone. Die Tafeln formen ein 'Stop'; die Kapelle stellt sich Forrest in den Weg; er bleibt stehen; die Gegner stürzen übereinander.,s in this stadium after the audience forms the panels 'Go Forrest'. The depends on all opponents and reach the touchdown zone. The panels form a 'Stop'; the chapel arises Forrest in the way; he stops; the opponents falling over each other.
1555.5,1556.6,s Forrest an einem Buffet.,s Forrest from a buffet.
1567.1,1568.6,ss Ein Kellner öffnet ihm eine Cola.,ss A waiter opens him a Coke.
1579.5,1580.1,s Kennedy:,s Kennedy:
1583.7,1588.4,Schwarzweißaufnahmen: In der Spielerschlange trippelt Forrest unruhig hin und her und hält sich den Bauch.,Black and white photographs: In the player snake Forrest tripping back and forth restlessly and holding his belly.
1592.2,1592.9,ss Zu Forrest:,ss to Forrest:
1600.4,1613.6,In der Präsidententoilette mit vielen Privatfotos sowie rotem und schwarzem Telefon neben dem Klo: Forrest schließt seine Hose und geht zum Waschtisch. Dort stehen ein gerahmtes Bild von Marilyn Monroe mit Widmung und ein Bild von John F. und Robert Kennedy.,In the president toilet with many private photos as well as red and black telephone next to the toilet: Forrest closes his pants and goes to the washstand. There are a framed picture of Marilyn Monroe with dedication and an image of John F. Kennedy and Robert.
1633.8,1634.6,s Auf dem Campus:,s On campus:
1645.2,1647,Ein Offizier kommt zu ihnen.,An officer comes to them.
1654.8,1656.4,s Er gibt ihm eine Army-Werbebroschüre.,s It gives him an Army-promotional brochure.
1658.2,1659.6,ss In einem Army-Bus zum Fahrer:,ss In an Army bus to the driver:
1672.9,1675.3,Ein Schwarzer versperrt den leeren Platz neben sich.,A Black blocks the empty seat beside him.
1676.2,1677.8,Eingeschüchtert geht Forrest weiter.,Intimidated goes Forrest on.
1685.8,1689.6,S Er sieht zu einem Schwarzen mit vorstehender Unterlippe. Der nimmt einen Koffer vom Sitz.,S He sees a black with protruding lower lip. He takes a suitcase from the seat.
1697.6,1698.8,ss Er gibt ihm ein Taschentuch.,ss He gives him a handkerchief.
1735.8,1740.4,Eine schwarze Köchin bedient einen Weißen. * Im gleichen Haus bedient auch die schwarze Großmutter ihren weißen Herrn.,"A black cook served a white man. * In the same house, the black grandmother served her white master."
1766.08,1767.5,ss Im Schlafsaal.,ss in the dormitory.
1776.5,1777.7,ss Die Männer sind in Unterwäsche.,ss The men in underwear.
1795.1,1796.6,ss Jeder setzt sein Gewehr zusammen.,ss Everyone puts his gun together.
1847.4,1848.3,ss Sie putzen Stiefel.,ss you brush boots.
1858.7,1860.5,ss Sie scheuern den Boden mit Zahnbürsten.,ss scrub the floor with toothbrushes.
1871.4,1873.1,s Es ist dunkel. Bubba liegt wach im Bett.,s It's dark. Bubba lies awake in bed.
1883.5,1887.1,Forrest liegt oben im Etagenbett. Sein Nachbar wirft ihm einen 'Playboy' zu.,Forrest is the top of the bunk bed. His neighbor gives him a 'Playboy' to.
1892.4,1903.7,Forrest schaut in die Zeitschrift und blättert um. Auf einem Bild kniet Jenny nur in weit aufgeknöpfter College-Jacke. Ungläubig starrt Forrest auf das Foto.,Forrest looks in the magazine and flips around. On a picture Jenny kneels As far unbuttoned Varsity Jacket. Incredulous stares Forrest on the photo.
1915.3,1916.4,ss Er kommt in einen Club.,ss He comes into a club.
1926.1,1927.7,ss Zwischen Porträts eins von Jenny.,ss Between portraits one of Jenny.
1947.3,1961.6,Der Vorhang öffnet sich. Jenny sitzt mit einer großen Gitarre auf einem Barhocker. Das Instrument verdeckt Brust und Schoß. Sie trägt nur einen hautfarbenen Slip.,The curtain opens. Jenny sits with a big guitar on a bar stool. The instrument covers the chest and lap. She wears only a flesh-colored panties.
1993.6,1996,Ein Mann will ihr einen Geldschein in den Pumps stecken.,A man wants to put her a bill in the Pumps.
1998.1,1999.1,ss Sie tritt seine Hand weg.,ss It appears his hand away.
2001.5,2003,Er schüttet sein Bier über ihre Füße,He pours his beer over her feet
2008.6,2010.8,Forrest marschiert mit grimmiger Miene nach vorn.,Forrest marched grimly forward.
2011.7,2013.9,Er packt den Mann von hinten und stößt ihn zu Boden.,"He grabs the man from behind, knocking him to the ground."
2015.7,2016.7,ss Er schubst noch einen um.,ss He shoves another order.
2018.5,2019.5,Er steigt auf die Bühne …,He rises to the stage ...
2021.1,2021.9,… und hebt sie hoch.,... And picks her up.
2024.2,2030.7,s Er tut es. (PLING) Sie drückt ihm die Gitarre in die Hand und eilt von der Bühne. Forrest hetzt ihr nach. * Später auf einer Brücke:,"s He does it. (PLING) You presses his guitar in hand, and rushes from the stage. Forrest rushes after her. * Later on a bridge:"
2050.5,2054.6,Jenny schaut nachdenklich aufs Wasser. Forrest betrachtet sie.,Jenny thoughtfully looks at the water. Forrest she considered.
2073.8,2080.6,Sie steigt auf eine niedrige Querstrebe des Geländers. Beunruhigt sieht Forrest sie von unten nach oben an und kommt etwas näher.,"It rises to a low cross bar of the railing. Alarmed looks Forrest them from bottom to top, and comes closer."
2087.6,2089.7,Ein Autoscheinwerfer streift ihr Gesicht.,One Headlight touches her face.
2092.3,2094.1,Sie stellt sich auf die Fahrbahn und winkt.,She stands on the pavement and waving.
2106.4,2107.9,Sie bleibt stehen und sieht zu ihm.,She stops and looks at him.
2132.2,2133.8,Jenny geht zur Beifahrerseite.,Jenny goes to the passenger side.
2137.8,2138.4,Sie stoppt.,She stops.
2151.7,2163.7,Der Schatten eines Hubschraubers gleitet über Reisfelder. In der offenen Tür sitzt ein Bordschütze am Maschinengewehr. Er schaut zu Forrest und Bubba neben ihm. Die beiden weichen seinem Blick eingeschüchtert aus.,The shadow of a helicopter glides over rice fields. In the open door sits a gunner on the machine gun. He looks at Forrest and Bubba beside him. The two soft his gaze intimidated.
2170.2,2178.1,Der Hubschrauber landet auf einem Stützpunkt neben einem anderen Helikopter. Zwei Soldaten erwarten ihn. Bubba und Forrest springen mit ihren Gepäcksäcken raus.,The helicopter lands on a base next to another helicopter. Two soldiers await him. Bubba and Forrest jump out with their luggage bags.
2198.7,2208.3,An einem Fluss grillen Soldaten zwischen Palmen und trinken Bier. Einige spielen Karten. Im Hintergrund fliegt eine Hubschrauberstaffel den Fluss entlang. Forrest und Bubba gehen mit ihrem Gepäck darauf zu.,"At a river barbecue soldiers between palm trees and drink beer. Some play cards. In the background, a helicopter squadron flying along the river. Forrest and Bubba go with their luggage to it."
2224.4,2226,ss Ein Soldat mit nacktem Oberkörper:,ss A soldier shirtless:
2249.5,2250.9,Bubba zieht die Unterlippe ein.,Bubba pulls a lower lip.
2256.8,2259.1,Forrest und Bubba mustern sich und schütteln den Kopf.,Forrest and Bubba patterns and shake his head.
2266.1,2266.9,s Sie folgen Dan.,s follow Dan.
2310.5,2314.5,"Soldaten, die genau wie Dan aussehen, sterben in 4 historischen Kriegen.","Soldiers who look exactly like Dan, die in 4 past wars."
2336,2337.1,ss Er geht in eine Latrine.,ss He goes into a latrine.
2351.8,2354.4,Sein Kopf verschwindet hinter der brusthohen Latrinentür.,His head disappears behind the chest-high Latrinentür.
2361,2369.4,"s Auf Patrouille gehen Forrest und Bubba mit anderen durch ein Reisfeld. Sie tragen tarnfarbene Helme, olivgrüne Uniformen und Rucksäcke. Ihre Gewehre halten sie quer vor sich.","s On Patrol Forrest and Bubba go with others through a rice field. Wear camouflaged helmets, olive uniforms and backpacks. Your guns they hold cross in front of him."
2375.1,2377.2,s Zwischen Feldern gehen sie eine Sandpiste entlang.,s intermediate fields they go along a dirt road.
2387.5,2394.4,Forrests Gesicht ist schmutzig. Unter einem Riemen an seinem Helm klemmt ein Plastikfläschchen. Ein vorne gehender Soldat hebt die Faust.,Forrest's face is dirty. Under a strap on his helmet pinched a plastic vial. A continuous front soldier raises his fist.
2396.6,2398.1,Der Trupp hockt sich links und rechts der Piste an die Böschung.,The squad squats left and right of the runway to the escarpment.
2415,2416,Dan geht nach vorn.,Dan going forward.
2419.2,2423.6,"Er hockt sich hin, dreht sich zu seinen Männern um und zeigt mit zwei Fingern auf seine Augen.","He squats down, turns to his men, and showing two fingers on his eyes."
2426.8,2430.3,Dan legt sich flach auf die Piste und späht über den Boden direkt vor ihm.,Dan lies down flat on the slopes and peeks over the ground in front of him.
2440.2,2441.6,Ein Soldat mit Hornbrille.,A soldier with horn-rimmed glasses.
2444.3,2445.1,ss Ein Schwarzer.,ss A Black.
2455.2,2457,Vorne steht Lieutenant Dan wieder auf.,Front Lieutenant Dan gets up again.
2478.4,2480.3,s Hinter Dan und Forrest fliegt Erde hoch.,s Behind Dan and Forrest flying high earth.
2482.1,2483.1,ss Forrest kriecht rein.,ss Forrest creeps in.
2488.3,2491.3,s Bis zur Brust in trübem Wasser watet der Trupp durch ein Reisfeld.,s up to his chest in turbid water wading the squad through a rice field.
2516.2,2517.3,ss Sie gehen durch einen Fluss.,ss You go through a river.
2583.2,2585,Er liegt unter einer Plane und schreibt.,He is under a tarp and writes.
2600.3,2602.1,ss Jenny kommt aus dem Wohnwagen ihrer Oma.,ss Jenny comes from the caravan her grandmother.
2606.8,2609,Sie steigt zu anderen Hippies in einen VW-Bus.,She joins other hippies in a VW bus.
2619.4,2622.8,Auf Patrouille streift der Trupp durch den Dschungel.,On patrol squad roams through the jungle.
2645.4,2647.6,ss Ein Kamerad wird getroffen. Forrest wirft sich hin.,ss A comrade is taken. Forrest throws himself.
2649,2650.8,s Leuchtende Munition saust durch die Luft.,s Vibrant ammunition whizzes through the air.
2654.8,2657.6,s Überall spritzt Erde hoch. Forrest robbt hinter eine Wegböschung.,s Everywhere injected high ground. Forrest crawls behind a Wegböschung.
2662.5,2665.2,ss Neben Forrest liegt Dan und hält den Hörer eines Funktelefons.,ss In addition Forrest is Dan and holds the receiver of a radiotelephone.
2670.7,2671.6,ss Forrest schießt.,ss Forrest shoots.
2692.2,2694.2,ss Ein Feuerball fegt die MG-Schützen weg.,ss A fireball sweeping the gunners away.
2705.9,2708.4,Forrest schaut verstört zwischen Dan und Bubba hin und her.,Forrest looked distraught between Dan and Bubba back and forth.
2710.8,2712.1,s Dan zerrt Forrest hoch.,s Dan drags high Forrest.
2717.1,2720.5,Forrest rennt los. Überall schlagen Granaten ein; Erde spritzt hoch.,Forrest runs off. Everywhere hit a grenade; Earth splashing high.
2723.7,2725.6,s Ein Soldat hinter Forrest wird weggerissen.,s A soldier behind Forrest is torn.
2733.6,2735.8,"s Forrest überholt Bubba, ohne ihn zu bemerken.",s Forrest outdated Bubba without noticing him.
2754,2756.4,"Er bleibt stehen, schnellt herum und rennt zurück.","He stops, rockets around and runs back."
2761.6,2763.3,Forrest läuft durch den lichten Dschungel.,Forrest runs through the sparse jungle.
2772.8,2774.2,s Neben ihm hebt sich eine Hand.,"s Next to him, raises a hand."
2780.5,2782.4,Forrest legt sich Tex über die Schultern.,Forrest Southwestern lies down over her shoulders.
2791.2,2794.5,Tex ist an der Schulter verwundet; sein Hemd ist blutdurchtränkt.,Tex is wounded in the shoulder; his shirt is soaked with blood.
2798.4,2802.4,Forrest kommt mit Tex zu einer Lichtung an einem Flussufer und legt ihn ins Gras.,Forrest comes with Tex to a clearing at a river bank and places it on the grass.
2814.5,2818.5,ss Er legt einen Soldaten mit blutigem Verband ans Ufer und rennt zurück. * Er findet Dallas.,ss He puts a soldier with a bloody bandage to the shore and runs back. * He finds Dallas.
2821.4,2822.8,ss Forrest legt Dallas ans Ufer.,ss Forrest Dallas lays ashore.
2833.5,2835.7,ss Er stolpert und starrt auf Dans blutige Beine.,ss He stumbles and stares at Dan's bloody legs.
2847.6,2849.3,ss Forrest schnallt Dan den Rucksack ab.,ss Forrest Dan strapped on the backpack.
2855.7,2857.3,ss Forrest wuchtet Dan auf die Schultern.,ss Forrest Dan balanced on his shoulders.
2868.9,2876.9,ss Er fällt hin. Ein Baum hinter ihm explodiert. Forrest schleift Dan an einem Arm hinter sich her. Der schießt mit der Pistole zurück in den Dschungel.,ss He falls down. A tree explodes behind him. Forrest Dan drags on an arm behind him. The shoots with the gun back into the jungle.
2883.4,2884.4,s Forrest trägt ihn.,s Forrest wears it.
2896.7,2899.1,s Forrest legt ihn ans Ufer. Dan hält ihn fest.,s Forrest puts him to shore. Dan holds him.
2913.5,2915.5,Er rennt wieder los.,He runs off again.
2917.1,2919.7,Mit seinem Gewehr in beiden Händen hastet er durch den Dschungel.,"With his gun in both hands, he hurries through the jungle."
2924.4,2926.4,Forrest stoppt und sieht sich verzweifelt um.,Forrest stops and looks around desperately.
2929.7,2933.2,Der sieht zur Seite und entdeckt Bubba am Boden. Rauch liegt in der Luft.,He looks to the side and discovered Bubba on the ground. Smoke is in the air.
2941,2944.8,Geschockt zieht Forrest einen blutigen Palmwedel von Bubbas großer Bauchwunde.,Shocked pulls Forrest a bloody palm fronds of Bubbas large abdominal wound.
2953.2,2955,s Etwas entfernt huschen Gestalten vorbei.,s Something flies flit past figures.
2956.7,2957.8,s Forrest schaut kurz hin.,s Forrest looks back briefly.
2965,2967,Er läuft mit Bubba auf den Armen durch den Dschungel.,He runs with Bubba in his arms through the jungle.
2976,2986.6,Beim Laufen sieht Forrest panisch zum Himmel. * Er kommt mit Bubba auf eine Lichtung. Kampfjets fliegen heran. Im Dschungel hinter den beiden explodieren Napalm-Bomben. Die Explosionen kommen immer näher.,Running Forrest looks panicky to heaven. * It comes with Bubba on a clearing. Fighter jets flying zoom. In the jungle behind the two exploding napalm bombs. The explosions come closer.
2991.6,2997.1,Ein orangeroter Feuerball schießt direkt hinter ihnen hoch. Forrest rennt weiter. Der Dschungel steht in Flammen.,An orange-red fireball shoots straight up behind them. Forrest runs on. The jungle is in flames.
3001.9,3006,Dunkler Qualm hängt über den Baumkronen. Gehetzt trägt Forrest Bubba zum Ufer.,Dark smoke hangs over the treetops. Rushed carries Forrest Bubba to shore.
3018.8,3020.5,s Mit Bubba im Arm sitzt er im Gras.,"s with Bubba in his arms, he sits in the grass."
3060.9,3061.8,Auf der Wartebank:,On the waiting bench:
3064.5,3066.5,s Neben Forrest sitzt jetzt ein dicker Mann.,s In addition to Forrest now sits a fat man.
3068.4,3069.9,Forrest sieht ihn abrupt an.,Forrest looks at him abruptly.
3093.7,3094.3,ss Im Lazarett:,ss In hospital:
3102.6,3104.8,"s Forrest, mit zwei Eistüten, liegt auf dem Bauch.","S Forrest, with two ice cream cones, lying on his stomach."
3108.3,3109.4,s Dan schaut ins Leere.,s Dan looked into the void.
3112.7,3116.2,"Dan nimmt die Tüte, legt sie in seine Bettpfanne und starrt weiter vor sich hin.","Dan takes the bag, puts it in his bedpan and continues to stare into space."
3118.1,3119.9,Forrest robbt von einer Liege auf sein Bett.,Forrest crawls from a deck on his bed.
3125.7,3133.8,Der Pfleger legt Dans Hände an einen Haltegriff. Dans Unterschenkel sind amputiert. Die Stümpfe sind mit Bandagen umwickelt. Der Pfleger hebt ihn hoch.,The nurse puts Dan's hands on a handle. Dans lower legs are amputated. The stumps are wrapped in bandages. The nurse lifts him up.
3135.1,3138,Eine Rollliege wird heran geschoben. Der Pfleger legt Dan darauf.,A Rollliege is pushed zoom. The nurse puts it Dan.
3139,3140,Dan wird weggerollt.,Dan is rolled away.
3141.1,3142,Post wird verteilt.,Post is distributed.
3143.4,3145,Forrest schleckt weiter sein Eis.,Forrest licks continue to be ice.
3148.7,3150.5,Er bekommt ein dickes Bündel Briefe.,He gets a thick bundle of letters.
3153.4,3158.9,Forrest zieht den obersten Brief heraus. Er ist an Jenny adressiert und mit dem Stempel 'unzustellbar' versehen.,Forrest pulls out the top letter. It is addressed to Jenny and 'undeliverable' with the stamp.
3161.5,3166.2,Forrest nimmt weiter Briefe aus dem Bündel. Alle sind an Jenny gerichtet und haben denselben Stempel.,Forrest continues to take letters from the bundle. All are addressed to Jenny and have the same stamp.
3167.5,3170.4,Niedergeschlagen betrachtet Forrest einen Brief nach dem anderen.,Dejected considered Forrest a letter after another.
3172,3175.6,In einem Freizeitraum des Lazaretts sitzt Forrest mit einem Eis vorm Fernseher.,In a recreation room of the hospital Forrest sits with an ice front of the TV.
3181.7,3183.9,Mühsam steht Forrest von mehreren Kissen auf.,Painfully stands Forrest on several pillows.
3187.7,3189.3,s Ein Tischtennisball trifft seinen Kopf.,s A table tennis ball strikes his head.
3190.8,3192.6,Der Mann bewegt seinen Schläger wie im Spiel.,The man moved his bat like in the game.
3194.3,3195.5,Forrest schüttelt den Kopf.,Forrest shakes his head.
3198.1,3199.6,Er gibt Forrest den Schläger.,He gives Forrest the bat.
3209.1,3211.8,s Er bewegt den Ball hin und her; Forrest behält ihn im Blick.,s He moves the ball back and forth; Forrest keeps it in mind.
3212.8,3215.4,Mit dem Eis in der Hand spielt Forrest gegen einen Rollstuhlfahrer.,With the ice in his hand Forrest plays against a wheelchair.
3225.4,3226.6,Er übt die Angabe.,He exerts an indication.
3231,3233.3,ss Die Bälle springen vom Gegnerfeld in eine Bettpfanne.,ss The balls jump from the opponent field in a bedpan.
3234.9,3238.1,s Forrest spielt vor vielen Zuschauern gegen das hoch geklappte Gegnerfeld.,s Forrest plays in front of many spectators against the folded-up opponents field.
3249.3,3250.3,Dan auf einer Liege schaut mürrisch nach draußen.,Dan on a couch looking sullenly out.
3251.6,3257.1,Forrest spielt allein. Dabei trifft er immer wieder ein Zielquadrat auf einer hochgestellten Platte. Ein Offizier kommt.,Forrest plays alone. He meets again a target square on a raised panel. An officer comes.
3262.8,3265.6,"Forrest greift wieder… ""MEIN SOHN!"" … zu Ball und Schläger.","Forrest intervenes again ... ""My son!"" ... To bat and ball."
3267.7,3268.6,ss Im Schlafsaal:,ss In dormitory:
3272.5,3278.5,Er zieht einen Vorhang weg. In Dans Bett liegt ein Mann mit vollständig bandagiertem Kopf und Oberkörper. Zu einer Schwester:,He pulls a curtain away. In Dan's bed a man lies with completely bandaged head and torso. To a sister:
3284.8,3286.9,Forrest sieht wieder auf den Schwerverletzten.,Forrest looks back on the severe injuries.
3293.5,3294.1,ss Im Fernsehen:,ss On TV:
3307.5,3309.1,Johnson hängt Forrest die Medaille um.,Johnson depends Forrest to the medal.
3318.8,3324.8,"Im Saal sitzt auch die Mutter von Forrest. Der glotzt Johnson an, dreht sich um und entblößt die Pobacke mit der Wunde.","In the hall, the mother of Forrest sitting. The stares at Johnson, turns and bares the buttock to the wound."
3327.3,3332.6,s Im Friseurladen gucken drei Männer verdutzt zum Bildschirm. * Johnson winkt amüsiert ab und geht.,"s In the barber shop, three men look puzzled to the screen. * Johnson dismisses amused and goes."
3334.5,3336,s Forrest vor dem 'Lincoln Memorial'…,s Forrest vor dem 'Lincoln Memorial'…
3345.7,3347,er trägt Paradeuniform,he wears dress uniform
3358.8,3362.1,s Er wird in eine Schlange von 'Veteranen gegen den Krieg' geschoben.,s he is pushed into a queue of 'veterans against the war'.
3366,3381.8,"s Am Straßenrand viele Busse mit Antikriegs-Parolen. Die zwei Frauen führen die Veteranen und Forrest hinter eine Bühne. Viele der Männer haben Bärte und lange Haare, sie tragen Uniformteile kombiniert mit Zivilkleidung. An der Treppe zur Bühne wird Forrest an den Anfang der Schlange gestellt. Der Veteran hinter ihm:","s Roadside many buses with anti-war slogans. The two women lead the veterans and Forrest behind a stage. Many of the men have beards and long hair, they wear uniforms parts combined with civilian clothes. On the stairs to the stage Forrest is placed at the beginning of the queue. The veteran behind him:"
3420.4,3421.2,Der Veteran:,The Veteran:
3423,3435,Zögernd geht Forrest zu den Mikros. Vor der Bühne stehen Zehntausende um ein längliches Bassin. An dessen Ende ragt das 'Washington Monument' empor – ein 170 Meter hoher weißer Obelisk.,"Hesitantly goes Forrest to the microphones. Before the stage, tens of thousands are an elongated basin. At its end stands the 'Washington Monument' up - a 170-meter tall white obelisk."
3445.3,3450.9,Vor dem 'Lincoln Memorial' stehen Übertragungswagen. In der Menge werden Plakate mit dem Friedenssymbol hochgehalten.,Before the 'Lincoln Memorial' stand outside broadcast vans. In the crowd posters are upheld with the peace symbol.
3478,3484.5,"s Neben der Verstärkeranlage sieht sich ein Polizist unauffällig um … ""IN VIETNAM"" … und reißt Stecker aus den Buchsen.","s In addition to the sound system, a policeman looks unremarkable to ... ""IN VIETNAM"" ... and pulls plugs from the sockets."
3488,3494.3,"Forrest spricht weiter. ""OCH!"" Eine der beiden Frauen stürmt zum Polizisten und schnappt sich seinen Schlagstock.","Forrest continued talking. ""OCH!"" One of the women has a fantastic for police and grabs his baton."
3501.3,3505.7,"Der Polizist wird weggezerrt, die Verstärkeranlage neu verkabelt.","The policeman is dragged away, rewired the PA system."
3509.4,3510.7,s Forrest redet immer weiter.,s Forrest talks on and on.
3519.5,3524.2,Der Mann mit dem Flaggenhemd wischt sich Tränen aus den Augen und legt Forrest die Hände auf die Schultern.,The man with the flag shirt wipes tears from his eyes and puts his hands on her shoulders Forrest.
3540.1,3545.1,"s Eine Frau steigt ins Bassin … ""FORREST"" … und watet durchs knietiefe Wasser Richtung Bühne.","s A woman gets into the basin ... ""FORREST"" ... and wades through knee-deep water towards the stage."
3549,3560.4,"Der springt von der Bühne und hetzt durch die Menge zum Bassin. Jenny läuft glücklich lächelnd durchs Wasser auf ihn zu. Über ihrem weiten langen weißen Kleid trägt sie eine rot gestreifte Weste, die bis zu den Waden reicht.","The jump from the stage and rushes through the crowd to the basin. Jenny runs smiling happily through the water toward him. Over her wide long white dress she is wearing a red striped vest, which reaches to the calves."
3561.2,3562.4,Forrest rennt ins Wasser.,Forrest runs into the water.
3565,3566.3,Sie fallen sich in die Arme.,They fall into his arms.
3578,3578.9,ss  Abends in einem Camp.,ss evening at a camp.
3608.1,3610.4,Bei Jenny steht ein Weißer mit roter Armbinde.,When Jenny is a white man with red armbands.
3635.8,3638.1,"Forrest starrt zu Jenny und Wesley, die sich streiten.","Forrest stares at Jenny and Wesley, who quarrel."
3643.5,3644.7,s Wesley ohrfeigt Jenny.,s slaps Wesley Jenny.
3647.3,3653.6,"In Zeitlupe: Forrests Augen weiten sich. Er marschiert auf Wesley zu, stürzt sich auf ihn und fällt mit ihm über einen Tisch.","In Slow Motion: Forrest's eyes widen. He marched on to Wesley, lunges at him and falls with him over a table."
3659.5,3660.8,ss Er prügelt auf Wesley ein.,ss He beats on a Wesley.
3665.1,3666,ss Sie zieht ihn weg.,ss She pulls him away.
3667.3,3671.1,"Wesley rappelt sich hoch, fasst sich ins Gesicht und sieht auf seine blutigen Hände.","Wesley pulls himself up, touches his face and looks at his bloody hands."
3683.6,3686.8,Ein Schwarzer hält die Tür auf. Andere haben ihre Waffen gezogen.,A black man holds the door open. Others have drawn their weapons.
3689.3,3693.2,Er sieht zum Anführer. Der klopft sich mit dem Revolver auf die schwarze Lederjacke.,He sees the leader. The knocks with the revolver on the black leather jacket.
3698.2,3701.2,s Vor dem Weißen Haus geht Jenny mit ihm an einem Friedensmarsch vorbei.,s the White House Jenny passes a peace march with him.
3709.3,3711.6,Die Demonstranten halten Kerzen in den Händen.,Protesters hold candles in their hands.
3716.1,3719.4,Im Gehen sehen sie sich kurz in die Augen. Jenny senkt den Blick.,In Go see briefly in his eyes. Jenny looks down.
3721.8,3723.3,Sie wischt über Forrests Ärmel.,She wipes over Forrest's sleeve.
3743.2,3744.6,Jenny hakt sich bei ihm unter.,Jenny hooked under him.
3752,3753,Jenny beim Trampen.,Jenny while hitchhiking.
3760.2,3761.2,ss Sie nimmt LSD.,ss takes LSD.
3768.7,3772.9,"ss Als Straßenmusikant auf dem 'Walk of Fame' in Hollywood: ""HEY!"" Ein Langhaariger mit VW-Käfer.","ss As busker on the 'Walk of Fame' in Hollywood: ""HEY"" A long-haired with VW Beetle."
3785.1,3785.6,ss Morgens:,ss morning:
3787.8,3788.9,An einem alten Bus.,At an old bus.
3790.8,3792.2,Zögernd nähert sich Wesley.,Hesitantly approaches Wesley.
3801.1,3802.5,Jenny hält den Blick gesenkt.,Jenny keeps looking down.
3805.9,3807.1,Sie blickt ihn grimmig an.,She looks at him grimly.
3818.2,3822.4,Er starrt Wesley böse an. Der geht ein paar Schritte rückwärts und wendet sich kurz ab.,He stares at Wesley evil. The takes a few steps backwards and turns short.
3835.8,3840.3,Forrest öffnet das blaue Band seiner goldenen Tapferkeitsmedaille mit fünfzackigem Stern.,Forrest opens the blue ribbon of his gold medal for bravery with fünfzackigem star.
3844.7,3846,Er legt sie in ihre Hand.,He puts them in her hand.
3867.3,3868.3,Sie umarmt ihn.,She hugs him.
3873,3874.8,Jenny geht mit Wesley zur Bustür.,Jenny goes with Wesley for bus door.
3879.6,3887.3,Beim Einsteigen lächelt sie Forrest an. Er lächelt zurück. Wesley sieht nochmal ernst zu ihm. Forrest kneift finster die Augen zusammen.,When boarding she smiles at Forrest. He smiles back. Wesley looks again seriously to him. Forrest pinches dark eyes together.
3895.2,3897.8,Jenny klopft gegen die Heckscheibe und winkt Forrest zu.,Jenny knocks against the rear window and waving to Forrest.
3901.7,3904.6,Sie macht das v-förmige 'Peace'-Zeichen; er erwidert es.,It makes the V-shaped 'Peace' characters; he answers it.
3910.8,3912.4,Die Mondlandung im Fernsehen:,The moon landing on television:
3914.6,3916.6,ss Das Gerät steht in einem Klinik-Aufenthaltsraum.,ss The machine is in a hospital lounge.
3919.1,3924.7,"ss Die Stühle davor sind leer. Personal und Patienten gucken Forrest zu, der allein mit zwei Schlägern und drei Bällen Pingpong spielt.","ss The chairs in front of it are empty. Staff and patients look to Forrest, who alone playing with two rackets and three balls Pingpong."
3965.2,3971.2,s Der Talkmaster Dick Cavett steht auf. Forrest kommt in einem dunkelblauen Zweireiher mit Nationalmannschaftsemblem zu ihm.,The talk show host Dick Cavett s stands on. Forrest comes in a dark blue double-breasted suit with National Emblem to him.
3983.6,3984.5,s John Lennon raucht.,s John Lennon smoking.
3992.6,3994.5,Forrest blickt John Lennon irritiert an.,Forrest looks at John Lennon irritated.
4020.1,4022.2,Forrest verlässt das Gebäude. Hinter ihm:,Forrest leaves the building. Behind him:
4029.6,4031.6,Der sitzt im Rollstuhl und hat lange Haare.,The is in a wheelchair and has long hair.
4062.1,4063.3,s Er rollt eine Rampe runter.,s It rolls down a ramp.
4068.4,4070.4,Auf der vereisten Schräge kommt er ins Schlittern.,"On the icy slope, he comes into skidding."
4073.5,4074.8,Der Rollstuhl fährt rückwärts.,The wheelchair is reversing.
4077.6,4078.8,ss Abends: Er schiebt Dan.,ss evening: He pushes Dan.
4087.3,4089.8,ss Dan hebt eine Schnapsflasche in einer Tüte zum Mund.,ss Dan picks up a liquor bottle in a bag to his mouth.
4092.1,4094.6,ss Im Rotlichtviertel schiebt er Dan durch einen Verkehrsstau.,ss In the red light district he pushes Dan through a traffic jam.
4101.8,4103.3,Ein Taxi bremst dicht vor ihm.,A taxi brakes in front of him.
4115.1,4117.8,Im Fernsehen mitsingende Soldaten in Vietnam.,"On television, sing soldiers in Vietnam."
4122,4124.9,Die beiden schauen die Übertragung der Weihnachtsfeier mit Bob Hope.,Both watch the transmission of the Christmas party with Bob Hope.
4128.8,4130.3,Tausende G.I.s stehen auf.,Thousands G.I.s stand on.
4141.8,4143.7,s Dan wirft seine ausgetrunkene Flasche weg.,s Dan throws his being drunk bottle away.
4151.6,4152.8,ss Er sieht in eine leere Flasche.,ss He sees an empty bottle.
4168.1,4169.5,s Er öffnet einen leeren Flachmann.,s He opens an empty flask.
4195.4,4197.4,s Der nimmt eine leere Flasche aus einer Schublade.,s The take an empty bottle from a drawer.
4198.3,4199.4,Er lässt sie wieder reinfallen.,He can fall for again.
4203.8,4205.9,"Dan rollt zu Forrest, der auf dem Sofa sitzt.","Dan rolled to Forrest, who sits on the sofa."
4212.5,4213.1,ss In einer Bar:,ss In a bar:
4297.2,4298.2,Sie zeigt zum Fernseher.,It shows for television.
4309.9,4311.2,ss Die geht durch ein Apartment.,ss which passes through an apartment.
4315.4,4331.7,Auch dort läuft die Übertragung aus New York. Jenny  packt eilig Sachen in ihre Handtasche.  (In einer Ecke steht ein Schlagzeug. STUDIO) Jenny zieht ein Kleidungsstück unter dem Fuß eines schlafenden halbnackten Mannes hervor. In einem Spiegel hinter dem Bett betrachtet sie ihr blaues Auge. Sie verlässt das Apartment durch die Terrassentür.,"There, too, running the transfer from New York. Jenny grabs hurry things in her purse. (In one corner stands a drum set. STUDIO) Jenny pulls a garment under the foot of a sleeping half-naked man out. In a mirror behind the bed they considered her black eye. She leaves the apartment through the patio doors."
4342,4342.7,In der Bar:,In the bar:
4345.9,4356.2,s Im Fernseher leuchtet '1972'. Forrest trägt ein Party-Hütchen. Leute werfen Konfetti. Karla und Lenore küssen Forrest auf die Wangen. Dan starrt deprimiert vor sich hin.,s In the TV lights up '1972'. Forrest wearing a party hat. People throwing confetti. Karla and Lenore kiss Forrest on the cheeks. Dan stares depressed to himself.
4364.9,4366.1,Der reagiert nicht.,The unresponsive.
4383.7,4384.5,ss Auf der Wartebank.,ss on the waiting bench.
4399.2,4400.6,ss Nixon hält eine Ehrentafel.,ss Nixon holds a roll of honor.
4408.2,4408.9,ss Im Hotel:,ss In Hotel:
4428.3,4431.5,s Beim Telefon ein Ständer mit der Aufschrift 'Watergate Hotel'. * Nixon im Fernsehen:,s When a telephone stand with the inscription 'Watergate Hotel'. * Nixon on TV:
4442.4,4448.3,"In einer Sporthalle geht ein schwarzer Offizier am Fernseher vorbei und steuert auf Forrest zu, der allein Pingpong spielt.","In a sports hall, a black officer on TV passes and heading for Forrest, who alone Pingpong plays."
4460.8,4462.7,Er gibt Forrest einen Umschlag und geht.,He gives Forrest an envelope and goes.
4468.4,4470,s Verwirrt sieht Forrest zur Tür.,s Confused looks Forrest to the door.
4481.6,4483.4,Er rennt mit seinem Schläger zum Ausgang.,He runs with his bat to the exit.
4487.8,4502.4,Missis Gump kommt … (JUCHZEN) … auf ihre Veranda. Glücklich lächelnd bleibt sie auf dem Treppenabsatz stehen und sieht ihrem Sohn entgegen. Ihr Haar ist leicht ergraut. (JUCHZEN) Forrest kommt über den Rasen auf sie zu. Er trägt seine graue Uniform mit Schiffchen auf dem Kopf.,Missis Gump comes ... (juchzen) ... on their porch. Happy smiling it remains on the landing are and looks forward to her son. Her hair is slightly gray. (Juchzen) Forrest comes across the lawn toward them. He wears his gray uniform with boats on the head.
4562.9,4564.1,s Bei ihr stehen fünf Kinder.,s When you have five children.
4567.8,4568.4,Am Grab.,Am Grab.
4579.7,4580.9,Er zieht einen Zettel raus.,He pulls out a piece of paper.
4597.6,4598.2,ss Am Hafen.,ss Am Hafen.
4599.4,4600.5,s Ein Schwarzer mit dem Geld.,s A black man with the money.
4619.1,4619.9,Wieder am Grab.,Again at the grave.
4630.7,4649.8,"In strahlendem Sonnenschein fährt der rostige Kutter übers Meer. Auf dem Achterdeck steht Forrest am Steuer. Hinter dem Ruderhaus hängen Netze an senkrecht gestellten Auslegern. * s Später: Forrest öffnet ein Netz und lässt den Fang aufs Deck fallen: Müll, Muscheln und ein Shrimp.","In bright sunshine the rusty cutter moves across the sea. On the quarterdeck Forrest is at the helm. Behind the wheelhouse hanging nets on vertically placed booms. * S later: Forrest open a network and makes the catch on deck fall: garbage, seashells and a shrimp."
4659.7,4661,Im Hafen zum Schwarzen:,In the harbor the Black:
4685.1,4688,Auf ein Schild an der Bordwand malt er den Namen 'Jenny'.,"On a sign on the ship's side, he painted the name 'Jenny'."
4692.6,4695.3,In einer vollen Disco sitzt Jenny mit anderen an einem Tisch.,In a full disco Jenny sits with others at a table.
4700,4704.8,s Ein Schwarzer gibt ihr einen aufgerollten Geldschein. Damit zieht sie sich eine Linie Kokain in ihre Nase.,s A Black gives her a rolled-up bill. So she pulls a line of cocaine in her nose.
4716.3,4735.2,"In einem schummrigen Zimmer lässt ein Mann eine Spritze auf einen Tisch fallen, auf dem Geld, Kokain und Tabletten liegen. Über einem Arm des Mannes hängt lose ein Gummischlauch. Benommen berührt der Mann Jennys Rücken und lässt sich aufs Bett sinken. Sie sitzt von ihm abgewandt auf der Bettkante und starrt teilnahmslos vor sich hin. Ihr Gesicht ist blass.","In a dimly lit room, a man drops a syringe on a table, lying on the money, cocaine and tablets. About a man's arm hangs loose a rubber hose. Dizziness touched the man Jenny's back and lets himself fall on the bed. She sits away from him on the bed, staring impassively ahead. Her face is pale."
4737.8,4747.7,Auf einem Schminktisch verwischt Jenny Kokainlinien auf einem Spiegel. In einem großen Wandspiegel betrachtet sie ihr müdes Gesicht. Sie hat Ringe unter den Augen. Jenny geht auf den Balkon.,On a dresser Jenny cocaine lines blurred on a mirror. In a large wall mirror she considered her tired face. She has circles under the eyes. Jenny goes to the balcony.
4751.1,4759,In ihren hochhackigen Sandalen steigt sie über einen Tisch auf die Brüstung und richtet sich vorsichtig auf. Tief unten fließt der nächtliche Verkehr.,In her high-heeled sandals she climbs on a table on the parapet and aimed carefully. Deep down flows of nighttime traffic.
4762.1,4768.9,Sie hält sich mit den Armen am Balkon darüber fest und blickt mit ruhigem Gesicht zur Straße hinunter. Der Wind weht durch ihr Haar.,She clings to the arms on the balcony and looks about with a calm face down to the road. The wind blowing through her hair.
4775.2,4784.1,"Ein Fuß rutscht ab. Krampfhaft hält sich Jenny fest, atmet schwer und starrt ängstlich in die Tiefe. … Sie geht in die Hocke und steigt von der Brüstung.","One foot from slipping. Spasmodic Jenny holds, breathing heavily and staring anxiously into the depths. ... You go into a crouch and rises from the parapet."
4787.2,4814.9,"Verstört kauert sie sich in einen Balkonsessel. Mit verschränkten Armen wiegt sich Jenny vor und zurück. Sie schaut hoch; Mondlicht fällt auf ihr Gesicht; (WEINEN) über ihre Wangen laufen Tränen. * Durch ein Wolkenloch scheint der fast volle Mond auch auf den Shrimp-Kutter. In einem Netz, das an einem Ausleger über dem Wasser hängt, liegt Forrest wie in einer Hängematte. … Traurig blickt er in die Nacht.","Distraught she crouches in a balcony seat. With arms crossed Jenny weighs back and forth. She looks up; Moonlight falls on her face; Run (cry) Tears down her cheeks. * Through a hole in the clouds of the nearly full moon shines on the shrimp boats. In a network which depends on a boom over the water, Forrest is like in a hammock. ... Sadly, he looks into the night."
4818.8,4836.3,Es ist Tag. Forrest steuert die 'Jenny' am Ufer entlang. Er trägt ein verschmutztes weißes Muscle-Shirt und eine Schirmmütze. Plötzlich entdeckt er etwas und späht Richtung Ufer. Auf einem Anlegesteg sitzt Dan im Rollstuhl. Forrest lässt das Steuerrad los und stellt sich an die Reling.,"It's day. Forrest controls the 'Jenny' along the shore. He wears a soiled white Muscle-shirt and a baseball cap. Suddenly he discovered something, peering toward the shore. On a pier Dan is in a wheelchair. Forrest lets go of the steering wheel and adjusts itself to the rail."
4838.4,4841.1,Dan macht das 'Peace'-Zeichen; Forrest winkt wild.,Dan makes the 'Peace' characters; Forrest waving wildly.
4843.3,4844.8,Forrest springt über Bord.,Forrest jumps overboard.
4847.5,4852.5,Der Kutter fährt weiter. Forrest krault zum Steg.,The cutter continues. Forrest fondles the web.
4860.3,4864.5,Dan raucht eine Zigarre mit Mundstück. Forrest steigt eine Leiter zu ihm hoch.,Dan smoking a cigar with a mouthpiece. Forrest climbs a ladder up at him.
4905.2,4906.9,ss Hinter ihm rammt das Schiff einen Ponton.,ss Behind him the ship rammed a pontoon.
4909.5,4911.3,Es schiebt den halben Ponton vor sich her.,It pushes the half pontoon in front of him.
4915.8,4918.9,Auf dem offenen Meer: Hoch über dem Deck sitzt Dan auf einem Mast.,On the open sea: High above the deck Dan sits on a mast.
4925.2,4927,s Verwirrt lässt Forrest das Steuer los.,s Confused Forrest lets go of the control.
4936.9,4937.8,s Er dreht nach rechts.,s He turns to the right.
4942.2,4944.3,s Forrest überlegt – und fährt nach links.,s Forrest considered - and moves to the left.
4947.7,4949.3,ss Dan trägt Stirnband und Sonnenbrille.,ss Dan wearing headband and sunglasses.
4952.4,4953.7,ss Forrest öffnet das Netz.,ss Forrest opens the network.
4954.6,4961.2,"An Deck liegen Dosen, eine Klobrille und anderer Müll. Dan sitzt daneben. Forrest hebt die Klobrille auf und betrachtet sie.","On deck are cans, a toilet seat and other trash. Dan sits beside it. Forrest picks up the toilet seat and considers them."
4975.5,4978.8,s In einer Kirche singt Forrest in blau-rotem Gewand im Gospelchor mit.,s In a church Forrest sings in blue-red robe with the gospel choir.
4981.7,4983.1,ss Dan sitzt hinten und trinkt,ss Dan sits back and drinks
4990.2,5001.4,"Ein Stahlhelm, ein Stiefel und ein Nummernschild fallen aufs Deck. Forrest inspiziert den Fang. Dan seilt sich auf einer Schaukel sitzend vom Mast ab. Forrest kippt das Wasser aus dem Stahlhelm.","A helmet, a boot and a license plate drop deck. Forrest inspected the catch. Dan abseils sitting on a swing from the mast. Forrest tilts the water from the Stahlhelm."
5013.7,5029.6,"Es ist dunkel. Im heftigen Sturm krachen Wellen gegen die Bordwand. Forrest kommt aus dem Ruderhaus, kämpft sich zum Achterdeck und klammert sich ans Steuer. Der Wind peitscht Gischt übers Deck. Dan sitzt hoch oben im Mast. Mit einer Hand hält er sich an einem Seil fest.","It is dark. In violent storm waves crashing against the ship's side. Forrest comes from the wheelhouse, fights his way to the quarterdeck and clings behind the wheel. The wind whips spray across the deck. Dan sits high up the mast. With one hand he holds on to a rope."
5038.7,5042.1,ss Mit nacktem Oberkörper reckt er den Arm hoch. Über ihm weht die US-Fahne.,ss Shirtless he stretched up his arm. Above him blowing the US flag.
5090.7,5093.1,Eine Shrimps-Ladung nach der anderen landet auf dem Deck.,A shrimp-load after another lands on the deck.
5101.3,5102.2,s Auf der Wartebank.,s on the waiting bench.
5104.2,5105.7,ss Neben dem Dicken sitzt eine Frau.,ss In addition to the thicknesses sits a woman.
5132.6,5133.2,Er geht.,He goes.
5155.5,5160.2,Aus dem Koffer holt er ein 'Fortune'-Magazin. Auf dem Cover er mit Dan vor der Kutterflotte.,From the suitcases he gets a 'Fortune' magazine. On the cover it with Dan before the cutter fleet.
5166.9,5167.4,An Deck.,An Deck.
5168.7,5173.7,Der hört mit der Arbeit auf und blickt ihn an. Dan sitzt neben der Reling mit nacktem Oberkörper im Rollstuhl.,The stops working and looks at him. Dan sits next to the railing shirtless in a wheelchair.
5181.2,5182.6,Forrest schaut ihn ruhig an.,Forrest looks at him calmly.
5182.9,5184.5,Dan hievt sich auf die Reling…,Dan heaves on the railing ...
5187.3,5190.3,"…lächelt Forrest zu, dreht sich um und stößt sich ab.","... Smiles to Forrest, turns around and pushes off."
5193.9,5198.3,"Forrest tritt näher an die Reling und sieht, wie Dan lächelnd auf dem Rücken davon krault.",Forrest occurs closer to the railing and see how Dan smiling fondles on the back of it.
5208,5208.8,Ein Bus hält.,A bus stops.
5237.5,5238.1,s Rasenmähen.,s mowing.
5246.5,5247.3,ss 'Apple'-Aktien.,ss 'Apple' shares.
5258.9,5259.6,s In der Kirche.,s in the church.
5271.2,5272.3,s Die Kirche wird renoviert.,s The church is renovated.
5277.4,5279.4,Das 'Gump Medical Center' wird eingeweiht.,The 'Gump Medical Center' will be inaugurated.
5286.9,5289.5,s Bubbas Mutter starrt auf einen Scheck – und fällt in Ohnmacht.,s Bubbas mother staring at a check - and faints.
5292,5293.5,s Eine weiße Köchin bedient sie.,s A white cook it serves.
5298.1,5299,ss Er sitzt auf dem Mäher.,ss He sits on the mower.
5306.1,5307.6,Er kommt im Pyjama auf den Balkon.,He comes in his pajamas on the balcony.
5317.4,5327.3,Er sieht Jenny im weißen Kleid über den Rasen kommen. … Sie wird durchsichtig und verschwindet.,He sees Jenny in white dress coming across the lawn. ... You will be transparent and disappear.
5329.8,5331.4,Bedrückt dreht sich Forrest weg.,Glum be Forrest turns away.
5334.7,5336,Er schlurft zur Tür…,He shuffles to the door ...
5339.8,5341.7,… und geht zögernd zurück ins Haus.,... And goes reluctantly back into the house.
5349.1,5354,Es ist Tag. Neben seinem Haus sitzt Forrest auf dem kleinen Mäher und mäht die große Wiese.,It's day. In addition to his house Forrest sits on the small mower mows the large lawn.
5359.2,5360.8,Er zieht eine schnurgerade Bahn.,He draws a straight path.
5363.7,5366.6,"Die Wiese grenzt an den Fluss, der von Bäumen gesäumt ist.","The meadow is bordered by the river, which is lined with trees."
5369.8,5373.1,Von der Zufahrt kommt… Jenny auf den Rasen.,From the driveway comes ... Jenny on the lawn.
5375.2,5377.7,Sie geht am Baum mit der Schaukel vorbei auf Forrest zu.,She goes on the tree with the swing over at Forrest.
5387.5,5389,Langsam nähert sich Jenny.,Slowly Jenny approaches.
5391.7,5396.3,Forrest steigt ab. Ungläubig geht er ihr ein paar Schritte entgegen… und hält an.,"Forrest from rising. Incredulous, he's doing a few steps towards ... and stops."
5402.1,5403.5,Er eilt auf Jenny zu.,He rushes towards Jenny.
5409.8,5412.4,Mit etwas Abstand bleiben die beiden voreinander stehen.,"With a little distance, the two stand each other."
5416.8,5418.1,Sie fällt ihm um den Hals.,Him falling around her neck.
5423.7,5426.1,Zögernd legt auch er seine Arme um sie.,"Hesitantly, he puts his arms around her."
5429.5,5430.6,"ss Es ist Tag, sie schläft.","ss It is day, she is sleeping."
5445.7,5447,s Sie schlendern über eine Wiese.,s you stroll through a meadow.
5473.7,5475.4,Sie sitzen nebeneinander auf der Eiche.,They sit side by side on the oak.
5479,5480.9,Melancholisch betrachtet Jenny die Rosen.,Melancholic viewed Jenny the roses.
5486.8,5491.1,"Die Nike-Schuhe, die er auf der Wartebank trägt. * s Durch strömenden Regen fällt der Blick auf die beiden hinter einem Fenster.",The Nike shoes that he wears on the waiting bench. * S through the pouring rain to look at the two falls behind a window.
5495,5499.7,Jenny dreht sich unter seinem Arm durch. Forrest wippt auf der Stelle und schwingt ausgelassen die Arme.,Jenny turns through under his arm. Forrest teeters on the spot and swinging the arms omitted.
5508.4,5510.5,s Abends am Fluss: Sie legt den Arm um ihn.,s evening on the river: you puts his arm around him.
5514.2,5519.8,Auf dem Wasser spiegeln sich zerplatzende Feuerwerksraketen. Am Himmel sprühen sie wie bunte Blüten auseinander.,On the water bursting fireworks reflected. In the sky they spray apart like colorful flowers.
5522.3,5531.7,Im Fernseher: Über der Freiheitsstatue explodieren Raketen. Jenny sitzt grübelnd vor dem Gerät. Forrest hockt mit einer Limo auf der Fensterbank und beobachtet sie.,In TV: About the Statue of Liberty exploding rockets. Jenny sits brooding in front of the device. Forrest sits with a soda on the window sill and watched them.
5541.8,5543.7,s Sie küsst ihn auf die Schläfe und schaltet aus.,s She kisses him on the temple and turns off.
5544.6,5551.5,s Forrest sieht ihr nach. Entschlossen stellt er seine Flasche ab. (ABSTELLEN) * Jenny steigt die Treppe hoch. Unten kommt Forrest in den Flur.,"s Forrest looks after her. Resolutely, he puts down his bottle. (STOPPING) * Jenny rises up the stairs. Below comes Forrest in the hallway."
5553.5,5555.4,Jenny dreht sich ernst zu ihm um.,Jenny turns serious to him.
5589.7,5592,Forrest geht durch die Fliegengittertür nach draußen.,Forrest goes through the screen door to the outside.
5595.6,5601.1,Auf der Veranda stemmt er die Hände in die Hüften und bleibt abgewandt stehen. (bisschen DONNER) Jenny geht nach oben.,"On the porch, he puts his hands on his hips and stops away. (little thunder) Jenny goes up."
5602.6,5604.7,Das dunkle Haus im strömenden Regen.,The dark house in the pouring rain.
5609.4,5614.6,Forrest liegt im Bett. Draußen geht Jenny im Nachthemd am Fenster vorbei. Er öffnet die Augen.,Forrest lying in bed. Outside is Jenny in her nightgown by the train window. He opens his eyes.
5617.6,5627.9,"Jenny bleibt an der Tür stehen und sieht ihn an. Forrest richtet sich etwas auf. Sie schlüpft unter seine Decke … ""JENNY"" … und legt sich auf ihn.","Jenny stops at the door and looks at him. Forrest is something aimed at. She slips under his blanket ... ""JENNY"" ... and lays down on him."
5631.5,5633.1,Sie gibt ihm einen Kuss auf den Mund.,She gives him a kiss on the mouth.
5636.5,5642.7,Die beiden küssen sich innig. Zaghaft hebt Forrest die Hände… und schließt Jenny in seine Arme.,The two kiss intimately. Timid raises Forrest hands ... and closes Jenny in his arms.
5650.6,5654.5,Durch eine Gardine fällt der Blick auf das Bett. Jenny zieht ihr Nachthemd aus.,A curtain is a look at the bed. Jenny takes off her nightgown.
5655.7,5658.2,Forrest umarmt sie wieder. Die beiden küssen sich weiter.,Forrest they hugged again. The two kiss further.
5661.5,5664,Es ist hell. Vor dem Haus:,It is bright front of the house.:
5666.1,5671.7,In Rock und Bluse kommt Jenny mit ihrer Umhängetasche auf die Veranda. … Sie eilt über den Rasen zu einem Taxi,In skirt and blouse Jenny comes with her bag on the porch. ... She hurries across the lawn to a taxi
5676.7,5678.4,Der Fahrer hält ihr die Fondtür auf.,The driver keeps her on the rear door.
5689.7,5693.5,Aus einem Fenster im oberen Stock des Hauses: Unten fährt das Taxi davon.,From a window in the upper floor of the house: Downstairs drives off the taxi.
5699.1,5703.3,Forrest liegt schlafend im Bett. Seine nackten Schultern gucken unter der Decke hervor.,Forrest is asleep in bed. His bare shoulders peek out from under the blanket.
5706.2,5717.3,Auf einer Kommode liegt neben Forrests Tischtennisschläger seine goldene Tapferkeitsmedaille am blauen Band. Forrest steht im Morgenmantel mit einem Glas Milch in der Zimmertür und betrachtet die Medaille ernst.,On a dresser is located next to Forrest's table tennis bat his gold medal for bravery on the blue ribbon. Forrest stands in his dressing gown with a glass of milk in the door and looking at the medal seriously.
5719.7,5724.2,In Jennys Zimmer ist das Bett unberührt. Forrest steht in der Tür und starrt darauf.,"In Jenny's room the bed is unaffected. Forrest stands in the doorway, staring out."
5728.1,5731,Er sitzt im Wohnzimmer kerzengerade auf der Fensterbank.,He sits in the living room straight on the window sill.
5736.3,5741.8,Auf der Veranda sitzt Forrest reglos in einem Schaukelstuhl. Er hat seine Laufschuhe an und sieht vor sich hin.,On the porch Forrest sits motionless in a rocking chair. He has on his running shoes and looks to himself.
5749.7,5752.7,Forrest setzt sein rotes 'Bubba Gump Shrimp'-Käppi auf…,Forrest puts on his red 'Bubba Gump Shrimp'-cap ...
5755.7,5756.4,… und steht auf.,... And stands up.
5760.2,5769.1,Er steigt von der Veranda… Auf dem Rasen beginnt er zu laufen… wird schneller … und rennt die Zufahrt entlang.,He rises from the porch ... On the lawn he begins to run faster ... ... and runs along the access road.
5799.3,5800.7,Forrest kommt nach Mississippi.,Forrest comes to Mississippi.
5803.9,5804.8,Auf der Wartebank.,On the waiting bench.
5811,5816.5,s In Santa Monica läuft Forrest auf dem Pier bis zum Geländer am Ende. Er hat etwas längere Haare und einen Vollbart.,s In Santa Monica Forrest runs on the pier to the railings at the end. It has slightly longer hair and a full beard.
5823.1,5825.6,Forrest erreicht einen kleinen Leuchtturm am Atlantik.,Forrest reached a small lighthouse on the Atlantic coast.
5843,5846,"Auf der Wartebank: ""SIE WISSEN SCHON"" Er sieht die Frau an.","On the waiting bench: ""FAMILIAR"" He looks at the woman."
5856.6,5872.5,Forrest läuft an einem Fluss entlang. Unter seinem Käppi lugt sein nackenlanges Haar hervor. * Zwischen reifen Weizenfeldern läuft er auf einer einsamen schnurgeraden Straße. * Auf einer Feldsteinbrücke überquert er einen klaren Fluss. Im Hintergrund schneebedeckte Gipfel der Rocky Mountains.,"Forrest runs along a river. Under his cap sticks out his neck long hair. * Between ripe wheat fields, he is running on a secluded dead-straight road. * On a field stone bridge he crosses a clear river. In the background snow-capped peaks of the Rocky Mountains."
5877.6,5886.8,"s In kurzer Hose läuft er mit fast schulterlangem Haar auf einer Landstraße. * Forrest kommt in gleichbleibendem Tempo an einem Wald vorbei. Das Laub leuchtet gelb, orange und rot.","s in shorts runs with almost shoulder-length hair on a country road. * Forrest get away from a forest at a constant pace. The foliage glows yellow, orange and red."
5898.7,5900,s In Greenbow beim Friseur:,s In Greenbow at the barber:
5909.8,5911.3,s Jenny bedient in einem Restaurant.,s Jenny served in a restaurant.
5934.6,5936,Die Reporter müssen mitlaufen.,The reporter must run along.
5940.2,5943.4,"ss In einem Ort: Ein junger Mann … ""SIE SIND'S?"" … hängt sich an seine Fersen.","ss In one place: A young man ... ""? it's you"" ... Clings to his heels."
5961.9,5963.8,Mit Abstand folgen ihm fünf Leute.,By far five people follow him.
5969,5971.4,s In der Wüste trabt eine lange Läuferschlange hinter ihm her.,s In the desert a long runner trots snake behind him.
6005.4,6007,Der Mann bleibt nachdenklich stehen.,The man stops thinking.
6014,6015.4,ss Ein Autoaufkleber: 'Shit happens'.,ss A bumper sticker: 'Shit happens'.
6030.2,6034.7,ss Forrest drückt sich das gelbe T-Shirt ins verdreckte Gesicht und gibt es zurück. Darauf ein Smiley-Abdruck.,ss Forrest the yellow T-shirt expresses itself into the dirty face and returns it. Then a smiley impression.
6045.2,6047.4,s Forrest läuft mit seinen Anhängern durch eine Steppe.,s Forrest runs with his followers through a steppe.
6052.4,6053.7,ss Im Hintergrund Tafelberge.,ss In the background mesas.
6072.2,6084.7,"Er bleibt stehen. Ein gutes Stück hinter ihm stoppt auch die Gruppe der rund fünfzig Männer und Frauen, die ihm gefolgt sind. Sein welliges Haar unter dem Käppi reicht bis zu den Schulterblättern, sein zotteliger Bart bis auf die Brust. Er dreht sich um.","He stops. A good piece behind him also stops the group of around fifty men and women, who followed him. His wavy hair under the cap reaches to the shoulder blades, his shaggy beard down to his chest. He turns around."
6089.5,6095.5,"Forrest sieht zu den Leuten hinüber. Er trägt eine blaue Trainingsjacke mit brauner Hose, darüber eine weite Regenjacke.","Forrest looks over to the people. He wears a blue track jacket with brown trousers, about a wide raincoat."
6106.2,6108.6,Mit schleppenden Schritten geht er auf die Gruppe zu.,With dragging steps he walks up to the group.
6117.5,6121.5,"Die Leute weichen nach links und rechts aus, lassen ihn durch und sehen ihm nach.","People soft left and right of, let him by and check on him."
6124.9,6125.9,Forrest geht weiter.,Forrest goes on.
6133.7,6135.9,s Im Fernseher: (Präsident) Reagan geht zu seinem Wagen.,s on TV: (President) Reagan goes to his car.
6139.5,6140.7,ss Der Schütze wird überwältigt.,ss The shooter is overwhelmed.
6146.2,6147.2,ss Bei Forrest. Louise:,ss Bei Forrest. Louise:
6182.4,6183.6,s Sie zeigt über die Straße.,s It shows on the road.
6185.5,6188.2,s Er nimmt ihr den Brief ab und rennt mit Pralinenschachtel und Koffer…,s He takes her from the letter and runs with chocolate box and luggage ...
6190,6190.7,s … auf die Straße.,s ... on the road.
6194.2,6195.3,Forrest hetzt weiter.,Forrest rushes on.
6198.4,6199.9,Jenny öffnet ihre Wohnungstür.,Jenny opens her apartment door.
6204.4,6205.2,s Sie umarmt ihn.,s you hugged him.
6211.9,6213.7,Jenny hat eine nackenlange Föhnfrisur.,Jenny has a long neck blow dry.
6222.8,6225.2,Sie trägt noch ihr türkisfarbenes Kellnerinnen-Kleid.,She still wears her turquoise waitresses dress.
6226.8,6227.9,Forrest gibt ihr die Schachtel.,Forrest gives her the box.
6241.5,6245.4,"ss Auf den Covern … ""WIE DU LÄUFST"" … von 'Runner's World' und vom 'National Enquirer'","ss on the covers ... ""the way you walk,"" ... by 'Runner's World' and the 'National Enquirer'"
6250,6252.3,s Jenny schaut ins Album. Forrest betrachtet sie.,s Jenny looks into the album. Forrest she considered.
6255.2,6256.3,Sie klappt das Album zu.,She works for the album.
6276.4,6277.6,s Eine Frau bringt einen Jungen.,s A woman brings a boy.
6280.8,6281.6,ss Sie hebt ihn hoch.,ss She lifts him up.
6291.8,6294.3,Sie geht mit dem blonden Jungen auf dem Arm zu Forrest.,She goes to the blond boy on the arm to Forrest.
6303.8,6305,Er läuft ins Kinderzimmer.,He runs to the nursery.
6326.4,6328,Er starrt weiter zu dem Jungen.,He continues to stare at the boy.
6333.4,6337.2,Verstört weicht er zurück… und senkt verschämt den Blick.,"Bewildered, he backs away ... and lowers his eyes bashfully."
6340.9,6342.1,s Er steht unruhig auf der Stelle.,s He is restless on the spot.
6346.2,6347.1,Sie nimmt seine Hand.,She takes his hand.
6353,6355.5,"Er beobachtet seinen Sohn, der 'Sesamstraße' kuckt.","He watched his son, the 'Sesame Street' kuckt."
6379,6381.7,Sein Blick geht zwischen ihr und Forrest Junior hin und her.,He looks between her and Forrest Junior back and forth.
6390.8,6394.3,"Unsicher geht Forrest zu seinem Sohn, der auf dem Boden auf einem Kissen sitzt.",Unsure goes Forrest to his son sitting on the floor on a pillow.
6401.2,6402.6,Forrest setzt sich neben ihn.,Forrest sits next to him.
6409,6410.8,Jenny beobachtet die beiden gerührt.,Jenny observed stirred the two.
6417.6,6421.9,Auf einem Spielplatz in einem Park schaukelt Forrest Junior. Seine Eltern sitzen auf einer Bank.,On a playground in a park Rocks Forrest Junior. His parents sitting on a bench.
6473.1,6479.5,"Vor Forrests Haus elegant gekleidete Leute. Louise, in gelbem Kleid, geht zu Forrest, der nachdenklich etwas abseits steht.","Before Forrest's house smartly dressed people. Louise, in a yellow dress, goes to Forrest, who is somewhat pensively off."
6482.6,6499.8,Jenny kommt aus dem Haus auf die blumengeschmückte Veranda. Forrest geht ihr entgegen. Er trägt einen hellgrauen Anzug mit einem Sträußchen im Knopfloch und eine dunkle geblümte Krawatte. Jenny steigt barfuß die Stufen zu ihm herunter. Sie trägt ein cremefarbenes schlichtes Brautkleid mit Puffärmeln und einen Blumenkranz im Haar.,Jenny comes from the house on the flower-decked patio. Forrest goes to meet her. He is wearing a light gray suit with a posy in his buttonhole and a dark floral tie. Jenny rises barefoot down the steps towards him. She is wearing a cream-colored wedding dress with puff sleeves and a simple wreath of flowers in her hair.
6503.6,6504.5,Jenny richtet sie.,Jenny she directed.
6508.5,6515.9,"Die beiden blicken zur Zufahrt. Aufrecht gehend, auf einen Stock gestützt, kommt… Dan über den Rasen. Eine Asiatin begleitet ihn.","Both overlook the driveway. Walking upright, leaning on a stick, comes ... Dan across the lawn. An Asian girl accompanied him."
6518.2,6532.1,"Zögernd geht er auf das Paar zu. Dan nähert sich langsam mit steifen Schritten. Er hat kurzgeschnittenes Haar, ist glatt rasiert und trägt einen hellen Anzug. Seine Begleiterin ist fast einen Kopf kleiner als er. Sie trägt ein lilafarbenes geblümtes Kleid.","Hesitantly, he walks toward the couple. Dan slowly approaches stiffly. He has short hair, is clean-shaven and wearing a light suit. His companion is almost a head smaller than he. She wears a purple flowered dress."
6542.8,6544.1,Er zeigt seine Prothese.,He shows his prosthesis.
6546,6547.3,s Sie steckt in Schuh und Socke.,s you put in shoe and sock.
6566.6,6567.7,Sie gibt ihm die Hand.,She gives him her hand.
6575.6,6580.5,Sie reicht Dan die Hand und küsst ihn auf die Wange. Dan sieht Forrest an. Der schmunzelt stolz.,It ranges Dan's hand and kisses him on the cheek. Dan looks at Forrest. The smiles proudly.
6583.4,6584,Im Garten:,In the garden:
6600.2,6603.4,Trockenes Laub weht über die von mächtigen Bäumen gesäumte Zufahrt.,Dry leaves blowing over the tree-lined drive powerful.
6604.9,6612.9,Zwischen den Bäumen spazieren Jenny und Forrest Händchen haltend auf das Haus zu. Ihr Sohn hebt etwas auf und gibt es seinem Vater. Der nimmt ihn an die Hand.,Between the trees walk Jenny and Forrest holding hands at home. Her son picks up something and there is his father. He takes him by the hand.
6614.5,6625,"Im Haus kommt Forrest mit einem Frühstückstablett ins ehemalige Schlafzimmer seiner Mutter. Abrupt bleibt er stehen und starrt auf Jenny, die reglos im Bett liegt. Ihr Kopf ruht auf mehreren Kissen.","In House Forrest comes with a breakfast tray from his mother's former bedroom. Abruptly, he stops and stares at Jenny, who lies motionless in bed. Her head rests on several pillows."
6626.3,6627.3,Sie öffnet die Augen.,She opens her eyes.
6635.6,6640.7,Er stellt das Tablett auf ein Tischchen neben dem Bett… (ABSTELLEN) … und schiebt ein Fenster hoch.,He puts the tray on a small table next to the bed ... (STOPPING) ... and moves up a window.
6644.6,6648.6,Er setzt sich auf einen Stuhl. Jenny dreht sich zu ihm und stützt den Kopf in die Hand.,He sits down on a chair. Jenny turns to him and supports the head in his hand.
6657.8,6659.1,ss Forrest nachts in Vietnam.,ss Forrest nachts in Vietnam.
6664.5,6667.2,s Er nimmt den Stahlhelm ab und sieht zu einem Wolkenloch am Himmel.,s He takes off his helmet and looks at a hole in the clouds in the sky.
6669,6669.8,Jenny lächelt.,Jenny smiles.
6676.1,6677.1,s Er steht auf dem Kutter.,s He is on a boat.
6681,6682.5,ss In einem See spiegeln sich Gipfel.,ss in a lake peaks reflect.
6683.8,6684.7,ss Er läuft daran entlang,ss It runs along it
6696.2,6698.1,Forrest mit zotteligem Haar und Bart.,Forrest with shaggy hair and beard.
6708.2,6712,Am Bett sieht Forrest abwesend vor sich hin; Jenny blickt versonnen zum Fenster.,On the bed Forrest looks absently to herself; Jenny looks dreamily out of the window.
6716.8,6717.7,Er schaut sie an.,He looks at her.
6721.6,6726.9,"Jenny sieht ihm in die Augen, lächelt traurig und nimmt seine Hand.","Jenny looks him in the eye, smiles sadly and takes his hand."
6732.8,6734.5,Forrest blickt sie zärtlich an.,Forrest looks at her tenderly.
6738.5,6741,"s Er steht am Grabstein, um den ein Kranz aus Steinen liegt.","s He stands at the grave, to the lies a crown of stones."
6754.7,6755.8,Er schaut dabei zu.,He looks at it.
6777.6,6779.8,"s Abends: Er sitzt bei seinem Sohn, der liest",s evening: He is sitting with his son reading
6800.7,6802.2,Auf der Veranda steht eine Platte.,On the porch there is a plate.
6807.4,6810.1,Die Zwei sitzen mit Angelrouten auf dem Baumstumpf am Fluss.,The two sit with fishing rods on the stump by the river.
6839.4,6848.2,Neben einem Blumenstrauß lehnt er den Brief an den Grabstein. Auf dem Umschlag steht in Kinderschrift: 'Mom'. Forrest tritt wieder aus dem Steinkranz und bleibt stehen.,In addition to a bouquet he rejected the letter to the grave stone. On the cover is in child's handwriting: 'Mom'. Forrest exits the stone ring again and stops.
6919.6,6929.1,"Mit gesenktem Kopf entfernt sich Forrest von dem Grab unter der ausladenden Eiche, die auf einer Wiese steht. In der Nähe leuchtet die tiefstehende Sonne in warmem Orange durch eine Baumkrone.",Away with his head down is Forrest under the sprawling oak tree which stands by the grave in a meadow. Near the low sun in warm orange lights by a treetop.
6934.3,6936.4,Hinter Forrest fliegt ein Vogelschwarm vorbei.,Behind Forrest flies past a flock of birds.
6940.4,6941.6,Forrest sieht ihm nach.,Forrest looks after him.
6945.3,6947.8,An der Straße sitzen Vater und Sohn auf einem Baumstumpf.,On the road sitting Father and son on a tree stump.
6950,6952.4,s Er zieht das 'Curious George'-Buch aus der Schultasche.,s He pulls the 'Curious George'-book out of his satchel.
6963.7,6967,s Forrest blättert darin. Die grau-weiße Feder fällt unbemerkt raus.,s Forrest leafs through it. The gray-white feather falls out unnoticed.
6969.7,6971.3,s Er steckt das Buch zurück in die Tasche.,s He puts the book back into his pocket.
6972.9,6976.7,Mit der Tasche über der Schulter und einer Frühstückstüte geht Forrest Junior zur Bustür.,With the bag over her shoulder and a breakfast bag Forrest Junior goes to the bus door.
6992.3,6994.9,"Der Junge sieht zur Busfahrerin hoch, die Kaugummi kaut.","The boy looks up at the bus driver, chewing the gum."
7003.2,7006.1,Sie lacht ihn an. Der Kleine winkt seinem Vater und steigt ein.,She laughs at him. The little waving his father and joins.
7017.2,7018.6,Forrest sieht dem Bus nach.,Forrest looks after the bus.
7023.7,7027,Er setzt sich wieder auf den Baumstumpf und schaut melancholisch vor sich hin.,He sits back on the stump and looks melancholy to himself.
7030.2,7034.2,Forrests Hände ruhen auf seinen Knien.,Forrest's hands resting on his knees.
7034.1,7038,Zwischen seinen Füßen liegt die Feder im Gras. Ein Windstoß wirbelt sie hoch.,Between his feet the spring lies in the grass. A gust of wind swirls high.
7047,7053,Die Feder steigt höher in die Luft. Dabei dreht sie sich sanft. Unten sitzt Forrest immer noch auf dem Baumstumpf.,The spring rises higher into the air. She turns smoothly. Below sits Forrest still on the stump.
7056.8,7060.1,Die Feder fliegt über die Wipfel der mächtigen Bäume an der Zufahrt.,The spring flying over the tops of the mighty trees at the entrance.
7064.5,7067.6,Hoch über der Feder lugt zwischen Wolken der blaue Himmel hindurch.,High above the spring peeping between the clouds through the blue sky.
7071.2,7073.8,Die Feder sinkt etwas herab und wirbelt herum.,The spring descends slightly and whirls around.
7076.2,7077.3,Sie wird wieder angehoben...,They will be raised again ...
7080.3,7081.7,… und schwebt auf die Kamera zu.,... And floats towards the camera.
7083.2,7084.3,Das Bild wird schwarz.,The image is black.